[28Jan2026 00:05:11.855] [main/INFO] [cpw.mods.modlauncher.Launcher/MODLAUNCHER]: ModLauncher running: args [--launchTarget, forgeserver, --fml.forgeVersion, 47.3.7, --fml.mcVersion, 1.20.1, --fml.forgeGroup, net.minecraftforge, --fml.mcpVersion, 20230612.114412, nogui]
[28Jan2026 00:05:11.860] [main/INFO] [cpw.mods.modlauncher.Launcher/MODLAUNCHER]: ModLauncher 10.0.9+10.0.9+main.dcd20f30 starting: java version 17.0.17 by Ubuntu; OS Linux arch amd64 version 6.8.0-1030-azure
[28Jan2026 00:05:16.552] [main/INFO] [net.minecraftforge.fml.loading.ImmediateWindowHandler/]: ImmediateWindowProvider not loading because launch target is forgeserver
[28Jan2026 00:05:16.641] [main/INFO] [mixin/]: SpongePowered MIXIN Subsystem Version=0.8.5 Source=union:/workspaces/servidor/servidor_minecraft/libraries/org/spongepowered/mixin/0.8.5/mixin-0.8.5.jar%2363!/ Service=ModLauncher Env=SERVER
[28Jan2026 00:05:17.167] [main/WARN] [net.minecraftforge.fml.loading.moddiscovery.ModFileParser/LOADING]: Mod file /workspaces/servidor/servidor_minecraft/libraries/net/minecraftforge/fmlcore/1.20.1-47.3.7/fmlcore-1.20.1-47.3.7.jar is missing mods.toml file
[28Jan2026 00:05:17.168] [main/WARN] [net.minecraftforge.fml.loading.moddiscovery.ModFileParser/LOADING]: Mod file /workspaces/servidor/servidor_minecraft/libraries/net/minecraftforge/javafmllanguage/1.20.1-47.3.7/javafmllanguage-1.20.1-47.3.7.jar is missing mods.toml file
[28Jan2026 00:05:17.170] [main/WARN] [net.minecraftforge.fml.loading.moddiscovery.ModFileParser/LOADING]: Mod file /workspaces/servidor/servidor_minecraft/libraries/net/minecraftforge/lowcodelanguage/1.20.1-47.3.7/lowcodelanguage-1.20.1-47.3.7.jar is missing mods.toml file
[28Jan2026 00:05:17.171] [main/WARN] [net.minecraftforge.fml.loading.moddiscovery.ModFileParser/LOADING]: Mod file /workspaces/servidor/servidor_minecraft/libraries/net/minecraftforge/mclanguage/1.20.1-47.3.7/mclanguage-1.20.1-47.3.7.jar is missing mods.toml file
[28Jan2026 00:05:17.706] [main/WARN] [net.minecraftforge.jarjar.selection.JarSelector/]: Attempted to select two dependency jars from JarJar which have the same identification: Mod File:  and Mod File: . Using Mod File: 
[28Jan2026 00:05:17.707] [main/INFO] [net.minecraftforge.fml.loading.moddiscovery.JarInJarDependencyLocator/]: Found 12 dependencies adding them to mods collection
[28Jan2026 00:05:20.641] [main/INFO] [mixin/]: Compatibility level set to JAVA_17
[28Jan2026 00:05:20.810] [main/INFO] [cpw.mods.modlauncher.LaunchServiceHandler/MODLAUNCHER]: Launching target 'forgeserver' with arguments [nogui]
[28Jan2026 00:05:21.032] [main/WARN] [mixin/]: Reference map 'puzzlesaccessapi.common.refmap.json' for puzzlesaccessapi.common.mixins.json could not be read. If this is a development environment you can ignore this message
[28Jan2026 00:05:21.037] [main/WARN] [mixin/]: Reference map 'mixins.just_parry.refmap.json' for mixins.just_parry.json could not be read. If this is a development environment you can ignore this message
[28Jan2026 00:05:21.072] [main/WARN] [mixin/]: Reference map 'coroutil.refmap.json' for coroutil.mixins.json could not be read. If this is a development environment you can ignore this message
[28Jan2026 00:05:21.105] [main/INFO] [Puzzles Lib/]: Loading 50 mods:
	- architectury 9.2.14
	- attributefix 21.0.4
	- balm 7.3.38
		\-- kuma_api 20.1.12
	- biomemakeover 1.20.1-1.11.4
		\-- taniwha 1.20.0-5.4.4
	- carryon 2.1.2.7
		\-- mixinextras 0.2.0-beta.6
	- cloth_config 11.1.136
	- coroutil 1.20.1-1.3.6
	- create 6.0.8
		|-- flywheel 1.0.5
		\-- ponder 1.0.91
	- creativecore 2.12.32
	- crittersandcompanions 1.20.1-2.3.5
	- curios 5.14.1+1.20.1
	- dungeons_arise 2.1.58-1.20.x
	- easier_sleeping 2.1.3
	- expandability 9.0.4
	- forge 47.3.7
	- geckolib 4.8.2
	- immersive_aircraft 1.4.0+1.20.1
	- inventoryhud 3.4.26
	- jei 15.20.0.129
	- just_parry 2.5
	- mca 7.6.13+1.20.1
	- minecraft 1.20.1
	- onlyhammersandexcavators 1.20.1-0.3
	- paraglider 20.1.3
	- particlerain 1.1.3
	- particular 1.2.7
	- platform 1.2.11.3
	- playeranimator 1.0.2-rc1+1.20
	- playerrevive 2.0.31
	- projectile_damage 3.2.2+1.20.1
	- puzzleslib 8.1.33
		\-- puzzlesaccessapi 20.1.1
	- rottencreatures 1.1.0
	- sophisticatedbackpacks 3.24.20.1500
	- sophisticatedcore 1.2.122.1415
	- soulsweapons 1.3.1-1.20.1-forge}
	- tombstone 9.0.9
	- twilightforest 4.3.2508
	- visualworkbench 8.0.1
	- watut 1.20.1-1.2.3
	- waystones 14.1.18
	- xaerominimap 25.3.5
		\-- xaerolib 1.0.45
	- xaeroworldmap 1.40.6
	- zeldamod 1.4.12
[28Jan2026 00:05:22.716] [main/ERROR] [net.minecraftforge.fml.loading.RuntimeDistCleaner/DISTXFORM]: Attempted to load class net/minecraft/client/player/AbstractClientPlayer for invalid dist DEDICATED_SERVER
[28Jan2026 00:05:22.717] [main/WARN] [mixin/]: Error loading class: net/minecraft/client/player/AbstractClientPlayer (java.lang.RuntimeException: Attempted to load class net/minecraft/client/player/AbstractClientPlayer for invalid dist DEDICATED_SERVER)
[28Jan2026 00:05:22.718] [main/WARN] [mixin/]: @Mixin target net.minecraft.client.player.AbstractClientPlayer was not found zeldamod.mixins.json:MixinCapeRenderer
[28Jan2026 00:05:22.726] [main/ERROR] [net.minecraftforge.fml.loading.RuntimeDistCleaner/DISTXFORM]: Attempted to load class net/minecraft/client/MouseHandler for invalid dist DEDICATED_SERVER
[28Jan2026 00:05:22.726] [main/WARN] [mixin/]: Error loading class: net/minecraft/client/MouseHandler (java.lang.RuntimeException: Attempted to load class net/minecraft/client/MouseHandler for invalid dist DEDICATED_SERVER)
[28Jan2026 00:05:22.726] [main/WARN] [mixin/]: @Mixin target net.minecraft.client.MouseHandler was not found zeldamod.mixins.json:MixinMouse
[28Jan2026 00:05:22.728] [main/WARN] [mixin/]: Error loading class: net/minecraft/client/model/PlayerModel (java.lang.ClassNotFoundException: net.minecraft.client.model.PlayerModel)
[28Jan2026 00:05:22.728] [main/WARN] [mixin/]: @Mixin target net.minecraft.client.model.PlayerModel was not found zeldamod.mixins.json:MixinPlayerModel
[28Jan2026 00:05:23.015] [main/INFO] [MixinExtras|Service/]: Initializing MixinExtras via com.llamalad7.mixinextras.service.MixinExtrasServiceImpl(version=0.4.1).
[28Jan2026 00:05:23.719] [main/WARN] [net.minecraft.SystemReport/]: Failed retrieving info for group hardware
java.lang.NoClassDefFoundError: com/sun/jna/Platform
	at oshi.SystemInfo.<clinit>(SystemInfo.java:60) ~[oshi-core-6.2.2.jar%2369!/:6.2.2]
	at net.minecraft.SystemReport.m_143564_(SystemReport.java:52) ~[server-1.20.1-20230612.114412-srg.jar%23179!/:?]
	at net.minecraft.SystemReport.m_143516_(SystemReport.java:82) ~[server-1.20.1-20230612.114412-srg.jar%23179!/:?]
	at net.minecraft.SystemReport.<init>(SystemReport.java:52) ~[server-1.20.1-20230612.114412-srg.jar%23179!/:?]
	at net.minecraft.CrashReport.<init>(CrashReport.java:31) ~[server-1.20.1-20230612.114412-srg.jar%23179!/:?]
	at net.minecraft.CrashReport.m_127529_(CrashReport.java:216) ~[server-1.20.1-20230612.114412-srg.jar%23179!/:?]
	at net.minecraft.server.Main.main(Main.java:116) ~[server-1.20.1-20230612.114412-srg.jar%23179!/:?]
	at jdk.internal.reflect.NativeMethodAccessorImpl.invoke0(Native Method) ~[?:?]
	at jdk.internal.reflect.NativeMethodAccessorImpl.invoke(NativeMethodAccessorImpl.java:77) ~[?:?]
	at jdk.internal.reflect.DelegatingMethodAccessorImpl.invoke(DelegatingMethodAccessorImpl.java:43) ~[?:?]
	at java.lang.reflect.Method.invoke(Method.java:569) ~[?:?]
	at net.minecraftforge.fml.loading.targets.CommonLaunchHandler.runTarget(CommonLaunchHandler.java:111) ~[fmlloader-1.20.1-47.3.7.jar%2367!/:?]
	at net.minecraftforge.fml.loading.targets.CommonLaunchHandler.serverService(CommonLaunchHandler.java:103) ~[fmlloader-1.20.1-47.3.7.jar%2367!/:?]
	at net.minecraftforge.fml.loading.targets.CommonServerLaunchHandler.lambda$makeService$0(CommonServerLaunchHandler.java:27) ~[fmlloader-1.20.1-47.3.7.jar%2367!/:?]
	at cpw.mods.modlauncher.LaunchServiceHandlerDecorator.launch(LaunchServiceHandlerDecorator.java:30) ~[modlauncher-10.0.9.jar%2353!/:?]
	at cpw.mods.modlauncher.LaunchServiceHandler.launch(LaunchServiceHandler.java:53) ~[modlauncher-10.0.9.jar%2353!/:?]
	at cpw.mods.modlauncher.LaunchServiceHandler.launch(LaunchServiceHandler.java:71) ~[modlauncher-10.0.9.jar%2353!/:?]
	at cpw.mods.modlauncher.Launcher.run(Launcher.java:108) ~[modlauncher-10.0.9.jar%2353!/:?]
	at cpw.mods.modlauncher.Launcher.main(Launcher.java:78) ~[modlauncher-10.0.9.jar%2353!/:?]
	at cpw.mods.modlauncher.BootstrapLaunchConsumer.accept(BootstrapLaunchConsumer.java:26) ~[modlauncher-10.0.9.jar%2353!/:?]
	at cpw.mods.modlauncher.BootstrapLaunchConsumer.accept(BootstrapLaunchConsumer.java:23) ~[modlauncher-10.0.9.jar%2353!/:?]
	at cpw.mods.bootstraplauncher.BootstrapLauncher.main(BootstrapLauncher.java:141) ~[bootstraplauncher-1.1.2.jar:?]
Caused by: java.lang.ClassNotFoundException: com.sun.jna.Platform
	at jdk.internal.loader.BuiltinClassLoader.loadClass(BuiltinClassLoader.java:641) ~[?:?]
	at java.lang.ClassLoader.loadClass(ClassLoader.java:525) ~[?:?]
	at cpw.mods.cl.ModuleClassLoader.loadClass(ModuleClassLoader.java:137) ~[securejarhandler-2.1.10.jar:?]
	at java.lang.ClassLoader.loadClass(ClassLoader.java:525) ~[?:?]
	... 22 more
[28Jan2026 00:05:24.612] [main/WARN] [mixin/]: @Inject(@At("INVOKE")) Shift.BY=1 on crittersandcompanions.mixins.json:LivingEntityMixin::handler$zed000$onDie exceeds the maximum allowed value: 0. Increase the value of maxShiftBy to suppress this warning.
[28Jan2026 00:05:30.619] [modloading-worker-0/INFO] [Puzzles Lib/]: Constructing common components for visualworkbench:main
[28Jan2026 00:05:30.822] [modloading-worker-0/INFO] [xaero.lib.XaeroLib/]: Registering common data for channel xaerolib:main!
[28Jan2026 00:05:30.838] [modloading-worker-0/INFO] [xaero.lib.XaeroLib/]: Loading primary common config for channel xaerolib:main!
[28Jan2026 00:05:30.853] [modloading-worker-0/INFO] [xaero.lib.XaeroLib/]: Loading server config profiles for channel xaerolib:main!
[28Jan2026 00:05:30.888] [modloading-worker-0/INFO] [particular/]: I am quite particular about the effects I choose to add :3
[28Jan2026 00:05:30.899] [modloading-worker-0/INFO] [xaero.map.WorldMap/]: Registering common data for channel xaeroworldmap:main!
[28Jan2026 00:05:30.925] [modloading-worker-0/INFO] [xaero.map.WorldMap/]: Loading primary common config for channel xaeroworldmap:main!
[28Jan2026 00:05:30.930] [modloading-worker-0/INFO] [xaero.map.WorldMap/]: Loading server config profiles for channel xaeroworldmap:main!
[28Jan2026 00:05:31.039] [modloading-worker-0/INFO] [coroutil/]: forge loader environment detected
[28Jan2026 00:05:31.061] [modloading-worker-0/INFO] [net.blay09.mods.balm.forge.config.ForgeBalmConfig/]: Registering config for waystones:common (COMMON) with 46 properties.
[28Jan2026 00:05:31.141] [modloading-worker-0/INFO] [Soulslike Weaponry/]: Config initialized!
[28Jan2026 00:05:31.142] [modloading-worker-0/INFO] [Soulslike Weaponry/]: Successfully initialized Geckolib!
[28Jan2026 00:05:31.219] [modloading-worker-0/INFO] [net.minecraftforge.common.ForgeMod/FORGEMOD]: Forge mod loading, version 47.3.7, for MC 1.20.1 with MCP 20230612.114412
[28Jan2026 00:05:31.220] [modloading-worker-0/INFO] [net.minecraftforge.common.MinecraftForge/FORGE]: MinecraftForge v47.3.7 Initialized
[28Jan2026 00:05:31.385] [modloading-worker-0/INFO] [Soulslike Weaponry/]: Initializing done, time taken: 355ms
[28Jan2026 00:05:31.525] [modloading-worker-0/INFO] [com.simibubi.create.Create/]: Create 6.0.8 initializing! Commit hash: 1a1a9a2819b4f89f78caec41b55ed8cb222fa24b
[28Jan2026 00:05:31.585] [modloading-worker-0/INFO] [xaero.common.HudMod/]: Registering common data for channel xaerominimap:main!
[28Jan2026 00:05:31.633] [modloading-worker-0/INFO] [xaero.common.HudMod/]: Loading primary common config for channel xaerominimap:main!
[28Jan2026 00:05:31.637] [modloading-worker-0/INFO] [xaero.common.HudMod/]: Loading server config profiles for channel xaerominimap:main!
[28Jan2026 00:05:31.767] [modloading-worker-0/INFO] [dev.architectury.networking.forge.NetworkManagerImpl/]: Registering C2S receiver with id architectury:sync_ids
[28Jan2026 00:05:32.215] [modloading-worker-0/INFO] [dev.architectury.networking.forge.NetworkManagerImpl/]: Registering C2S receiver with id biomemakeover:cl_complete_quest
[28Jan2026 00:05:32.218] [modloading-worker-0/INFO] [dev.architectury.networking.forge.NetworkManagerImpl/]: Registering C2S receiver with id biomemakeover:update_dir_data
[28Jan2026 00:05:32.292] [modloading-worker-0/INFO] [Puzzles Lib/]: Constructing common components for puzzleslib:main
[28Jan2026 00:05:32.329] [modloading-worker-0/INFO] [be.florens.expandability.ExpandAbility/]: ExpandAbility here, who dis?
[28Jan2026 00:05:35.594] [main/WARN] [dev.architectury.registry.registries.forge.RegistrarManagerImpl/]: Registry entry listened Registry Entry [minecraft:entity_type / mca:female_zombie_villager] was not realized!
[28Jan2026 00:05:35.594] [main/WARN] [dev.architectury.registry.registries.forge.RegistrarManagerImpl/]: Registry entry listened Registry Entry [minecraft:entity_type / mca:female_villager] was not realized!
[28Jan2026 00:05:35.594] [main/WARN] [dev.architectury.registry.registries.forge.RegistrarManagerImpl/]: Registry entry listened Registry Entry [minecraft:entity_type / mca:male_villager] was not realized!
[28Jan2026 00:05:35.594] [main/WARN] [dev.architectury.registry.registries.forge.RegistrarManagerImpl/]: Registry entry listened Registry Entry [minecraft:entity_type / mca:male_zombie_villager] was not realized!
[28Jan2026 00:05:35.594] [main/WARN] [dev.architectury.registry.registries.forge.RegistrarManagerImpl/]: Registry entry listened Registry Entry [minecraft:entity_type / mca:grim_reaper] was not realized!
[28Jan2026 00:05:36.053] [main/WARN] [net.minecraft.network.syncher.SynchedEntityData/]: defineId called for: class forge.net.mca.entity.VillagerEntityMCA from class forge.net.mca.util.network.datasync.CDataParameter
[28Jan2026 00:05:36.054] [main/WARN] [net.minecraft.network.syncher.SynchedEntityData/]: defineId called for: class forge.net.mca.entity.VillagerEntityMCA from class forge.net.mca.util.network.datasync.CDataParameter
[28Jan2026 00:05:36.054] [main/WARN] [net.minecraft.network.syncher.SynchedEntityData/]: defineId called for: class forge.net.mca.entity.VillagerEntityMCA from class forge.net.mca.util.network.datasync.CDataParameter
[28Jan2026 00:05:36.054] [main/WARN] [net.minecraft.network.syncher.SynchedEntityData/]: defineId called for: class forge.net.mca.entity.VillagerEntityMCA from class forge.net.mca.util.network.datasync.CDataParameter
[28Jan2026 00:05:36.054] [main/WARN] [net.minecraft.network.syncher.SynchedEntityData/]: defineId called for: class forge.net.mca.entity.VillagerEntityMCA from class forge.net.mca.util.network.datasync.CDataParameter
[28Jan2026 00:05:36.054] [main/WARN] [net.minecraft.network.syncher.SynchedEntityData/]: defineId called for: class forge.net.mca.entity.VillagerEntityMCA from class forge.net.mca.util.network.datasync.CDataParameter
[28Jan2026 00:05:36.055] [main/WARN] [net.minecraft.network.syncher.SynchedEntityData/]: defineId called for: class forge.net.mca.entity.VillagerEntityMCA from class forge.net.mca.util.network.datasync.CDataParameter
[28Jan2026 00:05:36.055] [main/WARN] [net.minecraft.network.syncher.SynchedEntityData/]: defineId called for: class forge.net.mca.entity.VillagerEntityMCA from class forge.net.mca.util.network.datasync.CEnumParameter
[28Jan2026 00:05:36.057] [main/WARN] [net.minecraft.network.syncher.SynchedEntityData/]: defineId called for: class forge.net.mca.entity.VillagerEntityMCA from class forge.net.mca.util.network.datasync.CDataParameter
[28Jan2026 00:05:36.057] [main/WARN] [net.minecraft.network.syncher.SynchedEntityData/]: defineId called for: class forge.net.mca.entity.VillagerEntityMCA from class forge.net.mca.util.network.datasync.CDataParameter
[28Jan2026 00:05:36.057] [main/WARN] [net.minecraft.network.syncher.SynchedEntityData/]: defineId called for: class forge.net.mca.entity.VillagerEntityMCA from class forge.net.mca.util.network.datasync.CDataParameter
[28Jan2026 00:05:36.057] [main/WARN] [net.minecraft.network.syncher.SynchedEntityData/]: defineId called for: class forge.net.mca.entity.VillagerEntityMCA from class forge.net.mca.util.network.datasync.CDataParameter
[28Jan2026 00:05:36.057] [main/WARN] [net.minecraft.network.syncher.SynchedEntityData/]: defineId called for: class forge.net.mca.entity.VillagerEntityMCA from class forge.net.mca.util.network.datasync.CDataParameter
[28Jan2026 00:05:36.058] [main/WARN] [net.minecraft.network.syncher.SynchedEntityData/]: defineId called for: class forge.net.mca.entity.VillagerEntityMCA from class forge.net.mca.util.network.datasync.CDataParameter
[28Jan2026 00:05:36.058] [main/WARN] [net.minecraft.network.syncher.SynchedEntityData/]: defineId called for: class forge.net.mca.entity.VillagerEntityMCA from class forge.net.mca.util.network.datasync.CDataParameter
[28Jan2026 00:05:36.058] [main/WARN] [net.minecraft.network.syncher.SynchedEntityData/]: defineId called for: class forge.net.mca.entity.VillagerEntityMCA from class forge.net.mca.util.network.datasync.CDataParameter
[28Jan2026 00:05:36.058] [main/WARN] [net.minecraft.network.syncher.SynchedEntityData/]: defineId called for: class forge.net.mca.entity.VillagerEntityMCA from class forge.net.mca.util.network.datasync.CDataParameter
[28Jan2026 00:05:36.058] [main/WARN] [net.minecraft.network.syncher.SynchedEntityData/]: defineId called for: class forge.net.mca.entity.VillagerEntityMCA from class forge.net.mca.util.network.datasync.CDataParameter
[28Jan2026 00:05:36.058] [main/WARN] [net.minecraft.network.syncher.SynchedEntityData/]: defineId called for: class forge.net.mca.entity.VillagerEntityMCA from class forge.net.mca.util.network.datasync.CDataParameter
[28Jan2026 00:05:36.058] [main/WARN] [net.minecraft.network.syncher.SynchedEntityData/]: defineId called for: class forge.net.mca.entity.VillagerEntityMCA from class forge.net.mca.util.network.datasync.CEnumParameter
[28Jan2026 00:05:36.059] [main/WARN] [net.minecraft.network.syncher.SynchedEntityData/]: defineId called for: class forge.net.mca.entity.VillagerEntityMCA from class forge.net.mca.util.network.datasync.CDataParameter
[28Jan2026 00:05:36.062] [main/WARN] [net.minecraft.network.syncher.SynchedEntityData/]: defineId called for: class forge.net.mca.entity.VillagerEntityMCA from class forge.net.mca.util.network.datasync.CDataParameter
[28Jan2026 00:05:36.063] [main/WARN] [net.minecraft.network.syncher.SynchedEntityData/]: defineId called for: class forge.net.mca.entity.VillagerEntityMCA from class forge.net.mca.util.network.datasync.CEnumParameter
[28Jan2026 00:05:36.063] [main/WARN] [net.minecraft.network.syncher.SynchedEntityData/]: defineId called for: class forge.net.mca.entity.VillagerEntityMCA from class forge.net.mca.util.network.datasync.CDataParameter
[28Jan2026 00:05:36.063] [main/WARN] [net.minecraft.network.syncher.SynchedEntityData/]: defineId called for: class forge.net.mca.entity.VillagerEntityMCA from class forge.net.mca.util.network.datasync.CEnumParameter
[28Jan2026 00:05:36.063] [main/WARN] [net.minecraft.network.syncher.SynchedEntityData/]: defineId called for: class forge.net.mca.entity.VillagerEntityMCA from class forge.net.mca.util.network.datasync.CEnumParameter
[28Jan2026 00:05:36.063] [main/WARN] [net.minecraft.network.syncher.SynchedEntityData/]: defineId called for: class forge.net.mca.entity.VillagerEntityMCA from class forge.net.mca.util.network.datasync.CDataParameter
[28Jan2026 00:05:36.063] [main/WARN] [net.minecraft.network.syncher.SynchedEntityData/]: defineId called for: class forge.net.mca.entity.VillagerEntityMCA from class forge.net.mca.util.network.datasync.CDataParameter
[28Jan2026 00:05:36.064] [main/WARN] [net.minecraft.network.syncher.SynchedEntityData/]: defineId called for: class forge.net.mca.entity.VillagerEntityMCA from class forge.net.mca.util.network.datasync.CDataParameter
[28Jan2026 00:05:36.064] [main/WARN] [net.minecraft.network.syncher.SynchedEntityData/]: defineId called for: class forge.net.mca.entity.VillagerEntityMCA from class forge.net.mca.util.network.datasync.CDataParameter
[28Jan2026 00:05:36.064] [main/WARN] [net.minecraft.network.syncher.SynchedEntityData/]: defineId called for: class forge.net.mca.entity.VillagerEntityMCA from class forge.net.mca.util.network.datasync.CDataParameter
[28Jan2026 00:05:36.065] [main/WARN] [net.minecraft.network.syncher.SynchedEntityData/]: defineId called for: class forge.net.mca.entity.VillagerEntityMCA from class forge.net.mca.util.network.datasync.CDataParameter
[28Jan2026 00:05:36.070] [main/WARN] [net.minecraft.network.syncher.SynchedEntityData/]: defineId called for: class forge.net.mca.entity.VillagerEntityMCA from class forge.net.mca.util.network.datasync.CDataParameter
[28Jan2026 00:05:36.070] [main/WARN] [net.minecraft.network.syncher.SynchedEntityData/]: defineId called for: class forge.net.mca.entity.VillagerEntityMCA from class forge.net.mca.util.network.datasync.CDataParameter
[28Jan2026 00:05:36.071] [main/WARN] [net.minecraft.network.syncher.SynchedEntityData/]: defineId called for: class forge.net.mca.entity.VillagerEntityMCA from class forge.net.mca.util.network.datasync.CDataParameter
[28Jan2026 00:05:36.072] [main/WARN] [net.minecraft.network.syncher.SynchedEntityData/]: defineId called for: class forge.net.mca.entity.VillagerEntityMCA from class forge.net.mca.util.network.datasync.CDataParameter
[28Jan2026 00:05:36.072] [main/WARN] [net.minecraft.network.syncher.SynchedEntityData/]: defineId called for: class forge.net.mca.entity.VillagerEntityMCA from class forge.net.mca.util.network.datasync.CDataParameter
[28Jan2026 00:05:36.073] [main/WARN] [net.minecraft.network.syncher.SynchedEntityData/]: defineId called for: class forge.net.mca.entity.GrimReaperEntity from class forge.net.mca.util.network.datasync.CEnumParameter
[28Jan2026 00:05:36.073] [main/WARN] [net.minecraft.network.syncher.SynchedEntityData/]: defineId called for: class net.minecraft.world.entity.monster.Monster from class com.kamth.zeldamod.entity.mobs.hostile.deku.DekuScrubEntity
[28Jan2026 00:05:36.074] [main/WARN] [net.minecraft.network.syncher.SynchedEntityData/]: defineId called for: class net.minecraft.world.entity.monster.Monster from class com.kamth.zeldamod.entity.mobs.hostile.deku.DekuMadScrubEntity
[28Jan2026 00:05:36.074] [main/WARN] [net.minecraft.network.syncher.SynchedEntityData/]: defineId called for: class net.minecraft.world.entity.monster.Slime from class com.kamth.zeldamod.entity.mobs.hostile.chus.ChuchuEntity
[28Jan2026 00:05:36.075] [main/WARN] [net.minecraft.network.syncher.SynchedEntityData/]: defineId called for: class net.minecraft.world.entity.monster.Monster from class com.kamth.zeldamod.entity.mobs.hostile.skulltula.SkulltulaEntity
[28Jan2026 00:05:36.208] [modloading-worker-0/INFO] [xaero.lib.XaeroLib/]: Loading XaeroLib common 1/2!
[28Jan2026 00:05:36.519] [modloading-worker-0/INFO] [xaero.lib.XaeroLib/]: Loading XaeroLib server 1/2!
[28Jan2026 00:05:36.521] [modloading-worker-0/INFO] [xaero.map.server.WorldMapServer/]: Loading Xaero's World Map - Stage 1/2 (Server)
[28Jan2026 00:05:36.521] [modloading-worker-0/INFO] [xaero.minimap.XaeroMinimap/]: Loading Xaero's Minimap - Stage 1/2 (Server)
[28Jan2026 00:05:36.523] [main/INFO] [xaero.lib.XaeroLib/]: Loading XaeroLib common 2/2!
[28Jan2026 00:05:36.523] [main/INFO] [xaero.lib.XaeroLib/]: Loading XaeroLib server 2/2!
[28Jan2026 00:05:36.523] [main/INFO] [xaero.map.server.WorldMapServer/]: Loading Xaero's World Map - Stage 2/2 (Server)
[28Jan2026 00:05:36.524] [main/INFO] [xaero.minimap.XaeroMinimap/]: Loading Xaero's Minimap - Stage 2/2 (Server)
[28Jan2026 00:05:36.546] [modloading-worker-0/INFO] [AttributeFix/]: Loaded values for 36 compatible attributes.
[28Jan2026 00:05:36.552] [modloading-worker-0/INFO] [AttributeFix/]: Loaded 36 values from config.
[28Jan2026 00:05:36.610] [modloading-worker-0/INFO] [AttributeFix/]: Saving config file. 36 entries.
[28Jan2026 00:05:36.611] [modloading-worker-0/INFO] [AttributeFix/]: Applying changes for 36 attributes.
[28Jan2026 00:05:36.862] [Forge Version Check/INFO] [net.minecraftforge.fml.VersionChecker/]: [visualworkbench] Starting version check at https://raw.githubusercontent.com/Fuzss/modresources/main/update/visualworkbench.json
[28Jan2026 00:05:37.115] [Forge Version Check/INFO] [net.minecraftforge.fml.VersionChecker/]: [visualworkbench] Found status: UP_TO_DATE Current: 8.0.1 Target: null
[28Jan2026 00:05:37.115] [Forge Version Check/INFO] [net.minecraftforge.fml.VersionChecker/]: [attributefix] Starting version check at https://updates.blamejared.com/get?n=attributefix&gv=1.20.1
[28Jan2026 00:05:37.507] [Forge Version Check/INFO] [net.minecraftforge.fml.VersionChecker/]: [attributefix] Found status: BETA Current: 21.0.4 Target: 21.0.4
[28Jan2026 00:05:37.508] [Forge Version Check/INFO] [net.minecraftforge.fml.VersionChecker/]: [puzzlesaccessapi] Starting version check at https://raw.githubusercontent.com/Fuzss/modresources/main/update/puzzlesaccessapi.json
[28Jan2026 00:05:37.526] [Forge Version Check/INFO] [net.minecraftforge.fml.VersionChecker/]: [puzzlesaccessapi] Found status: BETA Current: 20.1.1 Target: null
[28Jan2026 00:05:37.527] [Forge Version Check/INFO] [net.minecraftforge.fml.VersionChecker/]: [forge] Starting version check at https://files.minecraftforge.net/net/minecraftforge/forge/promotions_slim.json
[28Jan2026 00:05:37.686] [Forge Version Check/INFO] [net.minecraftforge.fml.VersionChecker/]: [forge] Found status: OUTDATED Current: 47.3.7 Target: 47.4.10
[28Jan2026 00:05:37.687] [Forge Version Check/INFO] [net.minecraftforge.fml.VersionChecker/]: [twilightforest] Starting version check at https://gh.tamaized.com/TeamTwilight/twilightforest/update.json
[28Jan2026 00:05:37.845] [Forge Version Check/INFO] [net.minecraftforge.fml.VersionChecker/]: [twilightforest] Found status: AHEAD Current: 4.3.2508 Target: null
[28Jan2026 00:05:37.845] [Forge Version Check/INFO] [net.minecraftforge.fml.VersionChecker/]: [crittersandcompanions] Starting version check at https://api.modrinth.com/updates/critters-and-companions/forge_updates.json
[28Jan2026 00:05:37.992] [Forge Version Check/INFO] [net.minecraftforge.fml.VersionChecker/]: [crittersandcompanions] Found status: UP_TO_DATE Current: 1.20.1-2.3.5 Target: null
[28Jan2026 00:05:37.993] [Forge Version Check/INFO] [net.minecraftforge.fml.VersionChecker/]: [inventoryhud] Starting version check at https://raw.githubusercontent.com/DmitryLovin/pluginUpdate/master/invupdate.json
[28Jan2026 00:05:38.006] [Forge Version Check/INFO] [net.minecraftforge.fml.VersionChecker/]: [inventoryhud] Found status: UP_TO_DATE Current: 3.4.26 Target: null
[28Jan2026 00:05:38.007] [Forge Version Check/INFO] [net.minecraftforge.fml.VersionChecker/]: [tombstone] Starting version check at https://raw.githubusercontent.com/Corail31/tombstone_lite/master/update.json
[28Jan2026 00:05:38.016] [Forge Version Check/INFO] [net.minecraftforge.fml.VersionChecker/]: [tombstone] Found status: UP_TO_DATE Current: 9.0.9 Target: null
[28Jan2026 00:05:38.017] [Forge Version Check/INFO] [net.minecraftforge.fml.VersionChecker/]: [puzzleslib] Starting version check at https://raw.githubusercontent.com/Fuzss/modresources/main/update/puzzleslib.json
[28Jan2026 00:05:38.027] [Forge Version Check/INFO] [net.minecraftforge.fml.VersionChecker/]: [puzzleslib] Found status: UP_TO_DATE Current: 8.1.33 Target: null
[28Jan2026 00:05:41.063] [main/INFO] [com.mojang.authlib.yggdrasil.YggdrasilAuthenticationService/]: Environment: authHost='https://authserver.mojang.com', accountsHost='https://api.mojang.com', sessionHost='https://sessionserver.mojang.com', servicesHost='https://api.minecraftservices.com', name='PROD'
[28Jan2026 00:05:44.359] [main/WARN] [net.minecraft.server.packs.VanillaPackResourcesBuilder/]: Assets URL 'union:/workspaces/servidor/servidor_minecraft/libraries/net/minecraft/server/1.20.1-20230612.114412/server-1.20.1-20230612.114412-srg.jar%23179!/assets/.mcassetsroot' uses unexpected schema
[28Jan2026 00:05:44.359] [main/WARN] [net.minecraft.server.packs.VanillaPackResourcesBuilder/]: Assets URL 'union:/workspaces/servidor/servidor_minecraft/libraries/net/minecraft/server/1.20.1-20230612.114412/server-1.20.1-20230612.114412-srg.jar%23179!/data/.mcassetsroot' uses unexpected schema
[28Jan2026 00:05:44.486] [main/INFO] [com.simibubi.create.Create/]: Created 317 recipes which will be injected into the game
[28Jan2026 00:05:44.500] [main/INFO] [com.simibubi.create.Create/]: Created 4 tags which will be injected into the game
[28Jan2026 00:05:46.051] [Worker-Main-4/ERROR] [net.minecraft.tags.TagLoader/]: Couldn't load tag zeldamod:has_monster_room as it is missing following references: minecraft:monster_room (from Legendary Armory 1.4.13.jar)
[28Jan2026 00:05:46.183] [Worker-Main-3/ERROR] [net.minecraft.tags.TagLoader/]: Couldn't load tag zeldamod:mitts_blocks as it is missing following references: #minecraft:pickaxe (from Legendary Armory 1.4.13.jar), 
	#minecraft:shovel (from Legendary Armory 1.4.13.jar)
[28Jan2026 00:05:46.972] [Worker-Main-4/ERROR] [net.minecraftforge.common.ForgeHooks/]: Couldn't parse element loot_tables:zeldamod:blocks/sky_grass_block
com.google.gson.JsonSyntaxException: Expected name to be an item, was unknown string 'zeldamod:sky_grass_block'
	at net.minecraft.util.GsonHelper.m_13866_(GsonHelper.java:145) ~[server-1.20.1-20230612.114412-srg.jar%23179!/:?]
	at java.util.Optional.orElseThrow(Optional.java:403) ~[?:?]
	at net.minecraft.util.GsonHelper.m_13874_(GsonHelper.java:145) ~[server-1.20.1-20230612.114412-srg.jar%23179!/:?]
	at net.minecraft.util.GsonHelper.m_13909_(GsonHelper.java:153) ~[server-1.20.1-20230612.114412-srg.jar%23179!/:?]
	at net.minecraft.world.level.storage.loot.entries.LootItem$Serializer.m_7267_(LootItem.java:55) ~[server-1.20.1-20230612.114412-srg.jar%23179!/:?]
	at net.minecraft.world.level.storage.loot.entries.LootItem$Serializer.m_7267_(LootItem.java:40) ~[server-1.20.1-20230612.114412-srg.jar%23179!/:?]
	at net.minecraft.world.level.storage.loot.entries.LootPoolSingletonContainer$Serializer.m_5921_(LootPoolSingletonContainer.java:151) ~[server-1.20.1-20230612.114412-srg.jar%23179!/:?]
	at net.minecraft.world.level.storage.loot.entries.LootPoolSingletonContainer$Serializer.m_5921_(LootPoolSingletonContainer.java:129) ~[server-1.20.1-20230612.114412-srg.jar%23179!/:?]
	at net.minecraft.world.level.storage.loot.entries.LootPoolEntryContainer$Serializer.m_7561_(LootPoolEntryContainer.java:86) ~[server-1.20.1-20230612.114412-srg.jar%23179!/:?]
	at net.minecraft.world.level.storage.loot.entries.LootPoolEntryContainer$Serializer.m_7561_(LootPoolEntryContainer.java:74) ~[server-1.20.1-20230612.114412-srg.jar%23179!/:?]
	at net.minecraft.world.level.storage.loot.GsonAdapterFactory$JsonAdapter.deserialize(GsonAdapterFactory.java:102) ~[server-1.20.1-20230612.114412-srg.jar%23179!/:?]
	at com.google.gson.internal.bind.TreeTypeAdapter.read(TreeTypeAdapter.java:76) ~[gson-2.10.jar%2370!/:?]
	at com.google.gson.internal.bind.TypeAdapterRuntimeTypeWrapper.read(TypeAdapterRuntimeTypeWrapper.java:40) ~[gson-2.10.jar%2370!/:?]
	at com.google.gson.internal.bind.ArrayTypeAdapter.read(ArrayTypeAdapter.java:72) ~[gson-2.10.jar%2370!/:?]
	at com.google.gson.Gson.fromJson(Gson.java:1214) ~[gson-2.10.jar%2370!/:?]
	at com.google.gson.Gson.fromJson(Gson.java:1319) ~[gson-2.10.jar%2370!/:?]
	at com.google.gson.Gson.fromJson(Gson.java:1290) ~[gson-2.10.jar%2370!/:?]
	at com.google.gson.internal.bind.TreeTypeAdapter$GsonContextImpl.deserialize(TreeTypeAdapter.java:179) ~[gson-2.10.jar%2370!/:?]
	at net.minecraft.util.GsonHelper.m_13808_(GsonHelper.java:463) ~[server-1.20.1-20230612.114412-srg.jar%23179!/:?]
	at net.minecraft.util.GsonHelper.m_13836_(GsonHelper.java:471) ~[server-1.20.1-20230612.114412-srg.jar%23179!/:?]
	at net.minecraft.world.level.storage.loot.entries.CompositeEntryBase$1.m_5921_(CompositeEntryBase.java:61) ~[server-1.20.1-20230612.114412-srg.jar%23179!/:?]
	at net.minecraft.world.level.storage.loot.entries.CompositeEntryBase$1.m_5921_(CompositeEntryBase.java:53) ~[server-1.20.1-20230612.114412-srg.jar%23179!/:?]
	at net.minecraft.world.level.storage.loot.entries.LootPoolEntryContainer$Serializer.m_7561_(LootPoolEntryContainer.java:86) ~[server-1.20.1-20230612.114412-srg.jar%23179!/:?]
	at net.minecraft.world.level.storage.loot.entries.LootPoolEntryContainer$Serializer.m_7561_(LootPoolEntryContainer.java:74) ~[server-1.20.1-20230612.114412-srg.jar%23179!/:?]
	at net.minecraft.world.level.storage.loot.GsonAdapterFactory$JsonAdapter.deserialize(GsonAdapterFactory.java:102) ~[server-1.20.1-20230612.114412-srg.jar%23179!/:?]
	at com.google.gson.internal.bind.TreeTypeAdapter.read(TreeTypeAdapter.java:76) ~[gson-2.10.jar%2370!/:?]
	at com.google.gson.internal.bind.TypeAdapterRuntimeTypeWrapper.read(TypeAdapterRuntimeTypeWrapper.java:40) ~[gson-2.10.jar%2370!/:?]
	at com.google.gson.internal.bind.ArrayTypeAdapter.read(ArrayTypeAdapter.java:72) ~[gson-2.10.jar%2370!/:?]
	at com.google.gson.Gson.fromJson(Gson.java:1214) ~[gson-2.10.jar%2370!/:?]
	at com.google.gson.Gson.fromJson(Gson.java:1319) ~[gson-2.10.jar%2370!/:?]
	at com.google.gson.Gson.fromJson(Gson.java:1290) ~[gson-2.10.jar%2370!/:?]
	at com.google.gson.internal.bind.TreeTypeAdapter$GsonContextImpl.deserialize(TreeTypeAdapter.java:179) ~[gson-2.10.jar%2370!/:?]
	at net.minecraft.util.GsonHelper.m_13808_(GsonHelper.java:463) ~[server-1.20.1-20230612.114412-srg.jar%23179!/:?]
	at net.minecraft.util.GsonHelper.m_13836_(GsonHelper.java:471) ~[server-1.20.1-20230612.114412-srg.jar%23179!/:?]
	at net.minecraft.world.level.storage.loot.LootPool$Serializer.deserialize(LootPool.java:192) ~[server-1.20.1-20230612.114412-srg.jar%23179!/:?]
	at net.minecraft.world.level.storage.loot.LootPool$Serializer.deserialize(LootPool.java:189) ~[server-1.20.1-20230612.114412-srg.jar%23179!/:?]
	at com.google.gson.internal.bind.TreeTypeAdapter.read(TreeTypeAdapter.java:76) ~[gson-2.10.jar%2370!/:?]
	at com.google.gson.internal.bind.TypeAdapterRuntimeTypeWrapper.read(TypeAdapterRuntimeTypeWrapper.java:40) ~[gson-2.10.jar%2370!/:?]
	at com.google.gson.internal.bind.ArrayTypeAdapter.read(ArrayTypeAdapter.java:72) ~[gson-2.10.jar%2370!/:?]
	at com.google.gson.Gson.fromJson(Gson.java:1214) ~[gson-2.10.jar%2370!/:?]
	at com.google.gson.Gson.fromJson(Gson.java:1319) ~[gson-2.10.jar%2370!/:?]
	at com.google.gson.Gson.fromJson(Gson.java:1290) ~[gson-2.10.jar%2370!/:?]
	at com.google.gson.internal.bind.TreeTypeAdapter$GsonContextImpl.deserialize(TreeTypeAdapter.java:179) ~[gson-2.10.jar%2370!/:?]
	at net.minecraft.util.GsonHelper.m_13808_(GsonHelper.java:463) ~[server-1.20.1-20230612.114412-srg.jar%23179!/:?]
	at net.minecraft.util.GsonHelper.m_13845_(GsonHelper.java:481) ~[server-1.20.1-20230612.114412-srg.jar%23179!/:?]
	at net.minecraft.world.level.storage.loot.LootTable$Serializer.deserialize(LootTable.java:294) ~[server-1.20.1-20230612.114412-srg.jar%23179!/:?]
	at net.minecraft.world.level.storage.loot.LootTable$Serializer.deserialize(LootTable.java:291) ~[server-1.20.1-20230612.114412-srg.jar%23179!/:?]
	at com.google.gson.internal.bind.TreeTypeAdapter.read(TreeTypeAdapter.java:76) ~[gson-2.10.jar%2370!/:?]
	at com.google.gson.Gson.fromJson(Gson.java:1214) ~[gson-2.10.jar%2370!/:?]
	at com.google.gson.Gson.fromJson(Gson.java:1319) ~[gson-2.10.jar%2370!/:?]
	at com.google.gson.Gson.fromJson(Gson.java:1261) ~[gson-2.10.jar%2370!/:?]
	at net.minecraftforge.common.ForgeHooks.loadLootTable(ForgeHooks.java:871) ~[forge-1.20.1-47.3.7-universal.jar%23184!/:?]
	at net.minecraftforge.common.ForgeHooks.lambda$getLootTableDeserializer$3(ForgeHooks.java:848) ~[forge-1.20.1-47.3.7-universal.jar%23184!/:?]
	at net.minecraft.world.level.storage.loot.LootDataType.deserialize(LootDataType.java:45) ~[server-1.20.1-20230612.114412-srg.jar%23179!/:?]
	at net.minecraft.world.level.storage.loot.LootDataManager.lambda$scheduleElementParse$4(LootDataManager.java:56) ~[server-1.20.1-20230612.114412-srg.jar%23179!/:?]
	at java.util.HashMap.forEach(HashMap.java:1421) ~[?:?]
	at net.minecraft.world.level.storage.loot.LootDataManager.m_278660_(LootDataManager.java:55) ~[server-1.20.1-20230612.114412-srg.jar%23179!/:?]
	at java.util.concurrent.CompletableFuture$AsyncRun.run(CompletableFuture.java:1804) ~[?:?]
	at java.util.concurrent.CompletableFuture$AsyncRun.exec(CompletableFuture.java:1796) ~[?:?]
	at java.util.concurrent.ForkJoinTask.doExec(ForkJoinTask.java:373) ~[?:?]
	at java.util.concurrent.ForkJoinPool$WorkQueue.topLevelExec(ForkJoinPool.java:1182) ~[?:?]
	at java.util.concurrent.ForkJoinPool.scan(ForkJoinPool.java:1655) ~[?:?]
	at java.util.concurrent.ForkJoinPool.runWorker(ForkJoinPool.java:1622) ~[?:?]
	at java.util.concurrent.ForkJoinWorkerThread.run(ForkJoinWorkerThread.java:165) ~[?:?]
[28Jan2026 00:05:47.090] [main/INFO] [net.minecraft.world.item.crafting.RecipeManager/]: Skipping loading recipe twilightforest:jeed/poison as it's serializer returned null
[28Jan2026 00:05:47.124] [main/INFO] [net.minecraft.world.item.crafting.RecipeManager/]: Skipping loading recipe twilightforest:jeed/frosted as it's serializer returned null
[28Jan2026 00:05:47.130] [main/INFO] [net.minecraft.world.item.crafting.RecipeManager/]: Skipping loading recipe twilightforest:jeed/hunger as it's serializer returned null
[28Jan2026 00:05:47.139] [main/INFO] [net.minecraft.world.item.crafting.RecipeManager/]: Skipping loading recipe twilightforest:jeed/resistance as it's serializer returned null
[28Jan2026 00:05:47.171] [main/INFO] [net.minecraft.world.item.crafting.RecipeManager/]: Skipping loading recipe twilightforest:jeed/blindness as it's serializer returned null
[28Jan2026 00:05:47.173] [main/INFO] [net.minecraft.world.item.crafting.RecipeManager/]: Skipping loading recipe twilightforest:jeed/regeneration as it's serializer returned null
[28Jan2026 00:05:47.175] [main/INFO] [net.minecraft.world.item.crafting.RecipeManager/]: Skipping loading recipe twilightforest:jeed/slowness as it's serializer returned null
[28Jan2026 00:05:47.179] [main/INFO] [net.minecraft.world.item.crafting.RecipeManager/]: Skipping loading recipe twilightforest:jeed/fire_resistance as it's serializer returned null
[28Jan2026 00:05:47.183] [main/INFO] [net.minecraft.world.item.crafting.RecipeManager/]: Loaded 27 recipes
[28Jan2026 00:05:47.352] [main/INFO] [net.minecraft.advancements.AdvancementList/]: Loaded 3514 advancements
[28Jan2026 00:05:47.373] [main/INFO] [twilightforest/]: Loaded 9 Stalactite configs!
[28Jan2026 00:05:47.376] [main/WARN] [net.minecraftforge.common.loot.LootModifierManager/]: Unable to decode loot conditions
com.google.gson.JsonSyntaxException: Unknown type 'neoforge:loot_table_id'
	at net.minecraft.world.level.storage.loot.GsonAdapterFactory$JsonAdapter.deserialize(GsonAdapterFactory.java:99) ~[server-1.20.1-20230612.114412-srg.jar%23179!/:?]
	at com.google.gson.internal.bind.TreeTypeAdapter.read(TreeTypeAdapter.java:76) ~[gson-2.10.jar%2370!/:?]
	at com.google.gson.internal.bind.TypeAdapterRuntimeTypeWrapper.read(TypeAdapterRuntimeTypeWrapper.java:40) ~[gson-2.10.jar%2370!/:?]
	at com.google.gson.internal.bind.ArrayTypeAdapter.read(ArrayTypeAdapter.java:72) ~[gson-2.10.jar%2370!/:?]
	at com.google.gson.Gson.fromJson(Gson.java:1214) ~[gson-2.10.jar%2370!/:?]
	at com.google.gson.Gson.fromJson(Gson.java:1319) ~[gson-2.10.jar%2370!/:?]
	at com.google.gson.Gson.fromJson(Gson.java:1290) ~[gson-2.10.jar%2370!/:?]
	at com.google.gson.internal.bind.TreeTypeAdapter$GsonContextImpl.deserialize(TreeTypeAdapter.java:179) ~[gson-2.10.jar%2370!/:?]
	at net.minecraft.util.GsonHelper.m_13808_(GsonHelper.java:463) ~[server-1.20.1-20230612.114412-srg.jar%23179!/:?]
	at net.minecraft.util.GsonHelper.m_13836_(GsonHelper.java:471) ~[server-1.20.1-20230612.114412-srg.jar%23179!/:?]
	at net.minecraft.world.level.storage.loot.predicates.CompositeLootItemCondition$Serializer.m_7561_(CompositeLootItemCondition.java:68) ~[server-1.20.1-20230612.114412-srg.jar%23179!/:?]
	at net.minecraft.world.level.storage.loot.predicates.CompositeLootItemCondition$Serializer.m_7561_(CompositeLootItemCondition.java:60) ~[server-1.20.1-20230612.114412-srg.jar%23179!/:?]
	at net.minecraft.world.level.storage.loot.GsonAdapterFactory$JsonAdapter.deserialize(GsonAdapterFactory.java:102) ~[server-1.20.1-20230612.114412-srg.jar%23179!/:?]
	at com.google.gson.internal.bind.TreeTypeAdapter.read(TreeTypeAdapter.java:76) ~[gson-2.10.jar%2370!/:?]
	at com.google.gson.internal.bind.TypeAdapterRuntimeTypeWrapper.read(TypeAdapterRuntimeTypeWrapper.java:40) ~[gson-2.10.jar%2370!/:?]
	at com.google.gson.internal.bind.ArrayTypeAdapter.read(ArrayTypeAdapter.java:72) ~[gson-2.10.jar%2370!/:?]
	at com.google.gson.Gson.fromJson(Gson.java:1214) ~[gson-2.10.jar%2370!/:?]
	at com.google.gson.Gson.fromJson(Gson.java:1319) ~[gson-2.10.jar%2370!/:?]
	at com.google.gson.Gson.fromJson(Gson.java:1261) ~[gson-2.10.jar%2370!/:?]
	at net.minecraftforge.common.loot.IGlobalLootModifier.lambda$static$1(IGlobalLootModifier.java:39) ~[forge-1.20.1-47.3.7-universal.jar%23184!/:?]
	at com.mojang.serialization.Decoder$1.lambda$decode$1(Decoder.java:49) ~[datafixerupper-6.0.8.jar%2375!/:?]
	at com.mojang.serialization.DataResult.lambda$flatMap$11(DataResult.java:139) ~[datafixerupper-6.0.8.jar%2375!/:?]
	at com.mojang.datafixers.util.Either$Left.map(Either.java:38) ~[datafixerupper-6.0.8.jar%2375!/:?]
	at com.mojang.serialization.DataResult.flatMap(DataResult.java:137) ~[datafixerupper-6.0.8.jar%2375!/:?]
	at com.mojang.serialization.Decoder$1.decode(Decoder.java:49) ~[datafixerupper-6.0.8.jar%2375!/:?]
	at com.mojang.serialization.Codec$2.decode(Codec.java:71) ~[datafixerupper-6.0.8.jar%2375!/:?]
	at com.mojang.serialization.Decoder.parse(Decoder.java:18) ~[datafixerupper-6.0.8.jar%2375!/:?]
	at com.mojang.serialization.codecs.FieldDecoder.decode(FieldDecoder.java:29) ~[datafixerupper-6.0.8.jar%2375!/:?]
	at com.mojang.serialization.MapCodec$1.decode(MapCodec.java:34) ~[datafixerupper-6.0.8.jar%2375!/:?]
	at com.mojang.serialization.codecs.RecordCodecBuilder$Instance$3.decode(RecordCodecBuilder.java:248) ~[datafixerupper-6.0.8.jar%2375!/:?]
	at com.mojang.serialization.codecs.RecordCodecBuilder$2.decode(RecordCodecBuilder.java:107) ~[datafixerupper-6.0.8.jar%2375!/:?]
	at com.mojang.serialization.codecs.KeyDispatchCodec.lambda$decode$3(KeyDispatchCodec.java:67) ~[datafixerupper-6.0.8.jar%2375!/:?]
	at com.mojang.serialization.DataResult.lambda$flatMap$11(DataResult.java:139) ~[datafixerupper-6.0.8.jar%2375!/:?]
	at com.mojang.datafixers.util.Either$Left.map(Either.java:38) ~[datafixerupper-6.0.8.jar%2375!/:?]
	at com.mojang.serialization.DataResult.flatMap(DataResult.java:137) ~[datafixerupper-6.0.8.jar%2375!/:?]
	at com.mojang.serialization.codecs.KeyDispatchCodec.lambda$decode$4(KeyDispatchCodec.java:58) ~[datafixerupper-6.0.8.jar%2375!/:?]
	at com.mojang.serialization.DataResult.lambda$flatMap$11(DataResult.java:139) ~[datafixerupper-6.0.8.jar%2375!/:?]
	at com.mojang.datafixers.util.Either$Left.map(Either.java:38) ~[datafixerupper-6.0.8.jar%2375!/:?]
	at com.mojang.serialization.DataResult.flatMap(DataResult.java:137) ~[datafixerupper-6.0.8.jar%2375!/:?]
	at com.mojang.serialization.codecs.KeyDispatchCodec.decode(KeyDispatchCodec.java:56) ~[datafixerupper-6.0.8.jar%2375!/:?]
	at com.mojang.serialization.MapDecoder.lambda$compressedDecode$1(MapDecoder.java:52) ~[datafixerupper-6.0.8.jar%2375!/:?]
	at com.mojang.serialization.DataResult.lambda$flatMap$11(DataResult.java:139) ~[datafixerupper-6.0.8.jar%2375!/:?]
	at com.mojang.datafixers.util.Either$Left.map(Either.java:38) ~[datafixerupper-6.0.8.jar%2375!/:?]
	at com.mojang.serialization.DataResult.flatMap(DataResult.java:137) ~[datafixerupper-6.0.8.jar%2375!/:?]
	at com.mojang.serialization.MapDecoder.compressedDecode(MapDecoder.java:52) ~[datafixerupper-6.0.8.jar%2375!/:?]
	at com.mojang.serialization.MapCodec$MapCodecCodec.decode(MapCodec.java:91) ~[datafixerupper-6.0.8.jar%2375!/:?]
	at com.mojang.serialization.Decoder.parse(Decoder.java:18) ~[datafixerupper-6.0.8.jar%2375!/:?]
	at net.minecraftforge.common.loot.LootModifierManager.apply(LootModifierManager.java:79) ~[forge-1.20.1-47.3.7-universal.jar%23184!/:?]
	at net.minecraftforge.common.loot.LootModifierManager.m_5787_(LootModifierManager.java:38) ~[forge-1.20.1-47.3.7-universal.jar%23184!/:?]
	at net.minecraft.server.packs.resources.SimplePreparableReloadListener.m_10789_(SimplePreparableReloadListener.java:13) ~[server-1.20.1-20230612.114412-srg.jar%23179!/:?]
	at java.util.concurrent.CompletableFuture$UniAccept.tryFire(CompletableFuture.java:718) ~[?:?]
	at java.util.concurrent.CompletableFuture$Completion.run(CompletableFuture.java:482) ~[?:?]
	at net.minecraft.server.packs.resources.SimpleReloadInstance.m_143940_(SimpleReloadInstance.java:69) ~[server-1.20.1-20230612.114412-srg.jar%23179!/:?]
	at net.minecraft.Util.m_214652_(Util.java:783) ~[server-1.20.1-20230612.114412-srg.jar%23179!/:?]
	at net.minecraft.Util.m_214679_(Util.java:772) ~[server-1.20.1-20230612.114412-srg.jar%23179!/:?]
	at net.minecraft.server.Main.main(Main.java:166) ~[server-1.20.1-20230612.114412-srg.jar%23179!/:?]
	at jdk.internal.reflect.NativeMethodAccessorImpl.invoke0(Native Method) ~[?:?]
	at jdk.internal.reflect.NativeMethodAccessorImpl.invoke(NativeMethodAccessorImpl.java:77) ~[?:?]
	at jdk.internal.reflect.DelegatingMethodAccessorImpl.invoke(DelegatingMethodAccessorImpl.java:43) ~[?:?]
	at java.lang.reflect.Method.invoke(Method.java:569) ~[?:?]
	at net.minecraftforge.fml.loading.targets.CommonLaunchHandler.runTarget(CommonLaunchHandler.java:111) ~[fmlloader-1.20.1-47.3.7.jar%2367!/:?]
	at net.minecraftforge.fml.loading.targets.CommonLaunchHandler.serverService(CommonLaunchHandler.java:103) ~[fmlloader-1.20.1-47.3.7.jar%2367!/:?]
	at net.minecraftforge.fml.loading.targets.CommonServerLaunchHandler.lambda$makeService$0(CommonServerLaunchHandler.java:27) ~[fmlloader-1.20.1-47.3.7.jar%2367!/:?]
	at cpw.mods.modlauncher.LaunchServiceHandlerDecorator.launch(LaunchServiceHandlerDecorator.java:30) ~[modlauncher-10.0.9.jar%2353!/:?]
	at cpw.mods.modlauncher.LaunchServiceHandler.launch(LaunchServiceHandler.java:53) ~[modlauncher-10.0.9.jar%2353!/:?]
	at cpw.mods.modlauncher.LaunchServiceHandler.launch(LaunchServiceHandler.java:71) ~[modlauncher-10.0.9.jar%2353!/:?]
	at cpw.mods.modlauncher.Launcher.run(Launcher.java:108) ~[modlauncher-10.0.9.jar%2353!/:?]
	at cpw.mods.modlauncher.Launcher.main(Launcher.java:78) ~[modlauncher-10.0.9.jar%2353!/:?]
	at cpw.mods.modlauncher.BootstrapLaunchConsumer.accept(BootstrapLaunchConsumer.java:26) ~[modlauncher-10.0.9.jar%2353!/:?]
	at cpw.mods.modlauncher.BootstrapLaunchConsumer.accept(BootstrapLaunchConsumer.java:23) ~[modlauncher-10.0.9.jar%2353!/:?]
	at cpw.mods.bootstraplauncher.BootstrapLauncher.main(BootstrapLauncher.java:141) ~[bootstraplauncher-1.1.2.jar:?]
[28Jan2026 00:05:47.380] [main/WARN] [net.minecraftforge.common.loot.LootModifierManager/]: Could not decode GlobalLootModifier with json id crittersandcompanions:inject_clams - error: Unknown type 'neoforge:loot_table_id'
[28Jan2026 00:05:47.393] [main/INFO] [top.theillusivec4.curios.Curios/]: Loaded 12 curio slots
[28Jan2026 00:05:47.400] [main/INFO] [top.theillusivec4.curios.Curios/]: Loaded 1 curio entities
[28Jan2026 00:05:47.511] [main/WARN] [net.minecraft.core.MappedRegistry/]: Not all defined tags for registry ResourceKey[minecraft:root / minecraft:worldgen/biome] are present in data pack: forge:is_overworld
[28Jan2026 00:05:50.569] [Server thread/INFO] [net.minecraft.server.dedicated.DedicatedServer/]: Starting minecraft server version 1.20.1
[28Jan2026 00:05:50.570] [Server thread/INFO] [net.minecraft.server.dedicated.DedicatedServer/]: Loading properties
[28Jan2026 00:05:50.570] [Server thread/INFO] [net.minecraft.server.dedicated.DedicatedServer/]: Default game type: SURVIVAL
[28Jan2026 00:05:50.570] [Server thread/INFO] [net.minecraft.server.MinecraftServer/]: Generating keypair
[28Jan2026 00:05:50.675] [Server thread/INFO] [net.minecraft.server.dedicated.DedicatedServer/]: Starting Minecraft server on *:25565
[28Jan2026 00:05:50.714] [Server thread/INFO] [net.minecraft.server.network.ServerConnectionListener/]: Using epoll channel type
[28Jan2026 00:05:50.801] [Server thread/WARN] [net.minecraft.server.dedicated.DedicatedServer/]: **** SERVER IS RUNNING IN OFFLINE/INSECURE MODE!
[28Jan2026 00:05:50.802] [Server thread/WARN] [net.minecraft.server.dedicated.DedicatedServer/]: The server will make no attempt to authenticate usernames. Beware.
[28Jan2026 00:05:50.802] [Server thread/WARN] [net.minecraft.server.dedicated.DedicatedServer/]: While this makes the game possible to play without internet access, it also opens up the ability for hackers to connect with any username they choose.
[28Jan2026 00:05:50.802] [Server thread/WARN] [net.minecraft.server.dedicated.DedicatedServer/]: To change this, set "online-mode" to "true" in the server.properties file.
[28Jan2026 00:05:50.820] [Server thread/WARN] [net.minecraftforge.common.ForgeConfigSpec/CORE]: Configuration file ./world/serverconfig/jei-server.toml is not correct. Correcting
[28Jan2026 00:05:50.821] [Server thread/WARN] [net.minecraftforge.common.ForgeConfigSpec/CORE]: Incorrect key cheat mode was corrected from null to its default, SimpleCommentedConfig:{}. 
[28Jan2026 00:05:50.821] [Server thread/WARN] [net.minecraftforge.common.ForgeConfigSpec/CORE]: Incorrect key cheat mode.enableCheatModeForOp was corrected from null to its default, true. 
[28Jan2026 00:05:50.822] [Server thread/WARN] [net.minecraftforge.common.ForgeConfigSpec/CORE]: Incorrect key cheat mode.enableCheatModeForCreative was corrected from null to its default, true. 
[28Jan2026 00:05:50.822] [Server thread/WARN] [net.minecraftforge.common.ForgeConfigSpec/CORE]: Incorrect key cheat mode.enableCheatModeForGive was corrected from null to its default, false. 
[28Jan2026 00:05:50.823] [Server thread/WARN] [net.minecraftforge.common.ForgeConfigSpec/CORE]: Configuration file ./world/serverconfig/sophisticatedbackpacks-server.toml is not correct. Correcting
[28Jan2026 00:05:50.824] [Server thread/WARN] [net.minecraftforge.common.ForgeConfigSpec/CORE]: Incorrect key server was corrected from null to its default, SimpleCommentedConfig:{}. 
[28Jan2026 00:05:50.824] [Server thread/WARN] [net.minecraftforge.common.ForgeConfigSpec/CORE]: Incorrect key server.disallowedItems was corrected from null to its default, []. 
[28Jan2026 00:05:50.824] [Server thread/WARN] [net.minecraftforge.common.ForgeConfigSpec/CORE]: Incorrect key server.containerItemsDisallowed was corrected from null to its default, false. 
[28Jan2026 00:05:50.824] [Server thread/WARN] [net.minecraftforge.common.ForgeConfigSpec/CORE]: Incorrect key server.noInteractionBlocks was corrected from null to its default, []. 
[28Jan2026 00:05:50.825] [Server thread/WARN] [net.minecraftforge.common.ForgeConfigSpec/CORE]: Incorrect key server.noConnectionBlocks was corrected from null to its default, []. 
[28Jan2026 00:05:50.826] [Server thread/WARN] [net.minecraftforge.common.ForgeConfigSpec/CORE]: Incorrect key server.allBlockConnectionsDisallowed was corrected from null to its default, false. 
[28Jan2026 00:05:50.826] [Server thread/WARN] [net.minecraftforge.common.ForgeConfigSpec/CORE]: Incorrect key server.leatherBackpack was corrected from null to its default, SimpleCommentedConfig:{}. 
[28Jan2026 00:05:50.826] [Server thread/WARN] [net.minecraftforge.common.ForgeConfigSpec/CORE]: Incorrect key server.leatherBackpack.inventorySlotCount was corrected from null to its default, 27. 
[28Jan2026 00:05:50.827] [Server thread/WARN] [net.minecraftforge.common.ForgeConfigSpec/CORE]: Incorrect key server.leatherBackpack.upgradeSlotCount was corrected from null to its default, 1. 
[28Jan2026 00:05:50.827] [Server thread/WARN] [net.minecraftforge.common.ForgeConfigSpec/CORE]: Incorrect key server.copperBackpack was corrected from null to its default, SimpleCommentedConfig:{}. 
[28Jan2026 00:05:50.828] [Server thread/WARN] [net.minecraftforge.common.ForgeConfigSpec/CORE]: Incorrect key server.copperBackpack.inventorySlotCount was corrected from null to its default, 45. 
[28Jan2026 00:05:50.828] [Server thread/WARN] [net.minecraftforge.common.ForgeConfigSpec/CORE]: Incorrect key server.copperBackpack.upgradeSlotCount was corrected from null to its default, 1. 
[28Jan2026 00:05:50.829] [Server thread/WARN] [net.minecraftforge.common.ForgeConfigSpec/CORE]: Incorrect key server.ironBackpack was corrected from null to its default, SimpleCommentedConfig:{}. 
[28Jan2026 00:05:50.829] [Server thread/WARN] [net.minecraftforge.common.ForgeConfigSpec/CORE]: Incorrect key server.ironBackpack.inventorySlotCount was corrected from null to its default, 54. 
[28Jan2026 00:05:50.829] [Server thread/WARN] [net.minecraftforge.common.ForgeConfigSpec/CORE]: Incorrect key server.ironBackpack.upgradeSlotCount was corrected from null to its default, 2. 
[28Jan2026 00:05:50.830] [Server thread/WARN] [net.minecraftforge.common.ForgeConfigSpec/CORE]: Incorrect key server.goldBackpack was corrected from null to its default, SimpleCommentedConfig:{}. 
[28Jan2026 00:05:50.830] [Server thread/WARN] [net.minecraftforge.common.ForgeConfigSpec/CORE]: Incorrect key server.goldBackpack.inventorySlotCount was corrected from null to its default, 81. 
[28Jan2026 00:05:50.830] [Server thread/WARN] [net.minecraftforge.common.ForgeConfigSpec/CORE]: Incorrect key server.goldBackpack.upgradeSlotCount was corrected from null to its default, 3. 
[28Jan2026 00:05:50.831] [Server thread/WARN] [net.minecraftforge.common.ForgeConfigSpec/CORE]: Incorrect key server.diamondBackpack was corrected from null to its default, SimpleCommentedConfig:{}. 
[28Jan2026 00:05:50.831] [Server thread/WARN] [net.minecraftforge.common.ForgeConfigSpec/CORE]: Incorrect key server.diamondBackpack.inventorySlotCount was corrected from null to its default, 108. 
[28Jan2026 00:05:50.831] [Server thread/WARN] [net.minecraftforge.common.ForgeConfigSpec/CORE]: Incorrect key server.diamondBackpack.upgradeSlotCount was corrected from null to its default, 5. 
[28Jan2026 00:05:50.832] [Server thread/WARN] [net.minecraftforge.common.ForgeConfigSpec/CORE]: Incorrect key server.netheriteBackpack was corrected from null to its default, SimpleCommentedConfig:{}. 
[28Jan2026 00:05:50.832] [Server thread/WARN] [net.minecraftforge.common.ForgeConfigSpec/CORE]: Incorrect key server.netheriteBackpack.inventorySlotCount was corrected from null to its default, 120. 
[28Jan2026 00:05:50.832] [Server thread/WARN] [net.minecraftforge.common.ForgeConfigSpec/CORE]: Incorrect key server.netheriteBackpack.upgradeSlotCount was corrected from null to its default, 7. 
[28Jan2026 00:05:50.833] [Server thread/WARN] [net.minecraftforge.common.ForgeConfigSpec/CORE]: Incorrect key server.compactingUpgrade was corrected from null to its default, SimpleCommentedConfig:{}. 
[28Jan2026 00:05:50.833] [Server thread/WARN] [net.minecraftforge.common.ForgeConfigSpec/CORE]: Incorrect key server.compactingUpgrade.filterSlots was corrected from null to its default, 9. 
[28Jan2026 00:05:50.833] [Server thread/WARN] [net.minecraftforge.common.ForgeConfigSpec/CORE]: Incorrect key server.compactingUpgrade.slotsInRow was corrected from null to its default, 3. 
[28Jan2026 00:05:50.834] [Server thread/WARN] [net.minecraftforge.common.ForgeConfigSpec/CORE]: Incorrect key server.advancedCompactingUpgrade was corrected from null to its default, SimpleCommentedConfig:{}. 
[28Jan2026 00:05:50.834] [Server thread/WARN] [net.minecraftforge.common.ForgeConfigSpec/CORE]: Incorrect key server.advancedCompactingUpgrade.filterSlots was corrected from null to its default, 16. 
[28Jan2026 00:05:50.834] [Server thread/WARN] [net.minecraftforge.common.ForgeConfigSpec/CORE]: Incorrect key server.advancedCompactingUpgrade.slotsInRow was corrected from null to its default, 4. 
[28Jan2026 00:05:50.836] [Server thread/WARN] [net.minecraftforge.common.ForgeConfigSpec/CORE]: Incorrect key server.depositUpgrade was corrected from null to its default, SimpleCommentedConfig:{}. 
[28Jan2026 00:05:50.836] [Server thread/WARN] [net.minecraftforge.common.ForgeConfigSpec/CORE]: Incorrect key server.depositUpgrade.filterSlots was corrected from null to its default, 9. 
[28Jan2026 00:05:50.837] [Server thread/WARN] [net.minecraftforge.common.ForgeConfigSpec/CORE]: Incorrect key server.depositUpgrade.slotsInRow was corrected from null to its default, 3. 
[28Jan2026 00:05:50.837] [Server thread/WARN] [net.minecraftforge.common.ForgeConfigSpec/CORE]: Incorrect key server.advancedDepositUpgrade was corrected from null to its default, SimpleCommentedConfig:{}. 
[28Jan2026 00:05:50.837] [Server thread/WARN] [net.minecraftforge.common.ForgeConfigSpec/CORE]: Incorrect key server.advancedDepositUpgrade.filterSlots was corrected from null to its default, 16. 
[28Jan2026 00:05:50.838] [Server thread/WARN] [net.minecraftforge.common.ForgeConfigSpec/CORE]: Incorrect key server.advancedDepositUpgrade.slotsInRow was corrected from null to its default, 4. 
[28Jan2026 00:05:50.839] [Server thread/WARN] [net.minecraftforge.common.ForgeConfigSpec/CORE]: Incorrect key server.feedingUpgrade was corrected from null to its default, SimpleCommentedConfig:{}. 
[28Jan2026 00:05:50.839] [Server thread/WARN] [net.minecraftforge.common.ForgeConfigSpec/CORE]: Incorrect key server.feedingUpgrade.filterSlots was corrected from null to its default, 9. 
[28Jan2026 00:05:50.840] [Server thread/WARN] [net.minecraftforge.common.ForgeConfigSpec/CORE]: Incorrect key server.feedingUpgrade.slotsInRow was corrected from null to its default, 3. 
[28Jan2026 00:05:50.840] [Server thread/WARN] [net.minecraftforge.common.ForgeConfigSpec/CORE]: Incorrect key server.advancedFeedingUpgrade was corrected from null to its default, SimpleCommentedConfig:{}. 
[28Jan2026 00:05:50.841] [Server thread/WARN] [net.minecraftforge.common.ForgeConfigSpec/CORE]: Incorrect key server.advancedFeedingUpgrade.filterSlots was corrected from null to its default, 16. 
[28Jan2026 00:05:50.841] [Server thread/WARN] [net.minecraftforge.common.ForgeConfigSpec/CORE]: Incorrect key server.advancedFeedingUpgrade.slotsInRow was corrected from null to its default, 4. 
[28Jan2026 00:05:50.841] [Server thread/WARN] [net.minecraftforge.common.ForgeConfigSpec/CORE]: Incorrect key server.filterUpgrade was corrected from null to its default, SimpleCommentedConfig:{}. 
[28Jan2026 00:05:50.842] [Server thread/WARN] [net.minecraftforge.common.ForgeConfigSpec/CORE]: Incorrect key server.filterUpgrade.filterSlots was corrected from null to its default, 9. 
[28Jan2026 00:05:50.842] [Server thread/WARN] [net.minecraftforge.common.ForgeConfigSpec/CORE]: Incorrect key server.filterUpgrade.slotsInRow was corrected from null to its default, 3. 
[28Jan2026 00:05:50.842] [Server thread/WARN] [net.minecraftforge.common.ForgeConfigSpec/CORE]: Incorrect key server.advancedFilterUpgrade was corrected from null to its default, SimpleCommentedConfig:{}. 
[28Jan2026 00:05:50.842] [Server thread/WARN] [net.minecraftforge.common.ForgeConfigSpec/CORE]: Incorrect key server.advancedFilterUpgrade.filterSlots was corrected from null to its default, 16. 
[28Jan2026 00:05:50.843] [Server thread/WARN] [net.minecraftforge.common.ForgeConfigSpec/CORE]: Incorrect key server.advancedFilterUpgrade.slotsInRow was corrected from null to its default, 4. 
[28Jan2026 00:05:50.843] [Server thread/WARN] [net.minecraftforge.common.ForgeConfigSpec/CORE]: Incorrect key server.magnetUpgrade was corrected from null to its default, SimpleCommentedConfig:{}. 
[28Jan2026 00:05:50.843] [Server thread/WARN] [net.minecraftforge.common.ForgeConfigSpec/CORE]: Incorrect key server.magnetUpgrade.filterSlots was corrected from null to its default, 9. 
[28Jan2026 00:05:50.844] [Server thread/WARN] [net.minecraftforge.common.ForgeConfigSpec/CORE]: Incorrect key server.magnetUpgrade.slotsInRow was corrected from null to its default, 3. 
[28Jan2026 00:05:50.844] [Server thread/WARN] [net.minecraftforge.common.ForgeConfigSpec/CORE]: Incorrect key server.magnetUpgrade.magnetRange was corrected from null to its default, 3. 
[28Jan2026 00:05:50.844] [Server thread/WARN] [net.minecraftforge.common.ForgeConfigSpec/CORE]: Incorrect key server.advancedMagnetUpgrade was corrected from null to its default, SimpleCommentedConfig:{}. 
[28Jan2026 00:05:50.844] [Server thread/WARN] [net.minecraftforge.common.ForgeConfigSpec/CORE]: Incorrect key server.advancedMagnetUpgrade.filterSlots was corrected from null to its default, 16. 
[28Jan2026 00:05:50.845] [Server thread/WARN] [net.minecraftforge.common.ForgeConfigSpec/CORE]: Incorrect key server.advancedMagnetUpgrade.slotsInRow was corrected from null to its default, 4. 
[28Jan2026 00:05:50.845] [Server thread/WARN] [net.minecraftforge.common.ForgeConfigSpec/CORE]: Incorrect key server.advancedMagnetUpgrade.magnetRange was corrected from null to its default, 5. 
[28Jan2026 00:05:50.845] [Server thread/WARN] [net.minecraftforge.common.ForgeConfigSpec/CORE]: Incorrect key server.pickupUpgrade was corrected from null to its default, SimpleCommentedConfig:{}. 
[28Jan2026 00:05:50.845] [Server thread/WARN] [net.minecraftforge.common.ForgeConfigSpec/CORE]: Incorrect key server.pickupUpgrade.filterSlots was corrected from null to its default, 9. 
[28Jan2026 00:05:50.846] [Server thread/WARN] [net.minecraftforge.common.ForgeConfigSpec/CORE]: Incorrect key server.pickupUpgrade.slotsInRow was corrected from null to its default, 3. 
[28Jan2026 00:05:50.846] [Server thread/WARN] [net.minecraftforge.common.ForgeConfigSpec/CORE]: Incorrect key server.advancedPickupUpgrade was corrected from null to its default, SimpleCommentedConfig:{}. 
[28Jan2026 00:05:50.846] [Server thread/WARN] [net.minecraftforge.common.ForgeConfigSpec/CORE]: Incorrect key server.advancedPickupUpgrade.filterSlots was corrected from null to its default, 16. 
[28Jan2026 00:05:50.846] [Server thread/WARN] [net.minecraftforge.common.ForgeConfigSpec/CORE]: Incorrect key server.advancedPickupUpgrade.slotsInRow was corrected from null to its default, 4. 
[28Jan2026 00:05:50.847] [Server thread/WARN] [net.minecraftforge.common.ForgeConfigSpec/CORE]: Incorrect key server.refillUpgrade was corrected from null to its default, SimpleCommentedConfig:{}. 
[28Jan2026 00:05:50.847] [Server thread/WARN] [net.minecraftforge.common.ForgeConfigSpec/CORE]: Incorrect key server.refillUpgrade.filterSlots was corrected from null to its default, 6. 
[28Jan2026 00:05:50.847] [Server thread/WARN] [net.minecraftforge.common.ForgeConfigSpec/CORE]: Incorrect key server.refillUpgrade.slotsInRow was corrected from null to its default, 3. 
[28Jan2026 00:05:50.849] [Server thread/WARN] [net.minecraftforge.common.ForgeConfigSpec/CORE]: Incorrect key server.advancedRefillUpgrade was corrected from null to its default, SimpleCommentedConfig:{}. 
[28Jan2026 00:05:50.849] [Server thread/WARN] [net.minecraftforge.common.ForgeConfigSpec/CORE]: Incorrect key server.advancedRefillUpgrade.filterSlots was corrected from null to its default, 12. 
[28Jan2026 00:05:50.849] [Server thread/WARN] [net.minecraftforge.common.ForgeConfigSpec/CORE]: Incorrect key server.advancedRefillUpgrade.slotsInRow was corrected from null to its default, 4. 
[28Jan2026 00:05:50.849] [Server thread/WARN] [net.minecraftforge.common.ForgeConfigSpec/CORE]: Incorrect key server.restockUpgrade was corrected from null to its default, SimpleCommentedConfig:{}. 
[28Jan2026 00:05:50.850] [Server thread/WARN] [net.minecraftforge.common.ForgeConfigSpec/CORE]: Incorrect key server.restockUpgrade.filterSlots was corrected from null to its default, 9. 
[28Jan2026 00:05:50.850] [Server thread/WARN] [net.minecraftforge.common.ForgeConfigSpec/CORE]: Incorrect key server.restockUpgrade.slotsInRow was corrected from null to its default, 3. 
[28Jan2026 00:05:50.850] [Server thread/WARN] [net.minecraftforge.common.ForgeConfigSpec/CORE]: Incorrect key server.advancedRestockUpgrade was corrected from null to its default, SimpleCommentedConfig:{}. 
[28Jan2026 00:05:50.850] [Server thread/WARN] [net.minecraftforge.common.ForgeConfigSpec/CORE]: Incorrect key server.advancedRestockUpgrade.filterSlots was corrected from null to its default, 16. 
[28Jan2026 00:05:50.850] [Server thread/WARN] [net.minecraftforge.common.ForgeConfigSpec/CORE]: Incorrect key server.advancedRestockUpgrade.slotsInRow was corrected from null to its default, 4. 
[28Jan2026 00:05:50.851] [Server thread/WARN] [net.minecraftforge.common.ForgeConfigSpec/CORE]: Incorrect key server.voidUpgrade was corrected from null to its default, SimpleCommentedConfig:{}. 
[28Jan2026 00:05:50.851] [Server thread/WARN] [net.minecraftforge.common.ForgeConfigSpec/CORE]: Incorrect key server.voidUpgrade.filterSlots was corrected from null to its default, 9. 
[28Jan2026 00:05:50.851] [Server thread/WARN] [net.minecraftforge.common.ForgeConfigSpec/CORE]: Incorrect key server.voidUpgrade.slotsInRow was corrected from null to its default, 3. 
[28Jan2026 00:05:50.851] [Server thread/WARN] [net.minecraftforge.common.ForgeConfigSpec/CORE]: Incorrect key server.voidUpgrade.voidAnythingEnabled was corrected from null to its default, true. 
[28Jan2026 00:05:50.851] [Server thread/WARN] [net.minecraftforge.common.ForgeConfigSpec/CORE]: Incorrect key server.advancedVoidUpgrade was corrected from null to its default, SimpleCommentedConfig:{}. 
[28Jan2026 00:05:50.852] [Server thread/WARN] [net.minecraftforge.common.ForgeConfigSpec/CORE]: Incorrect key server.advancedVoidUpgrade.filterSlots was corrected from null to its default, 16. 
[28Jan2026 00:05:50.852] [Server thread/WARN] [net.minecraftforge.common.ForgeConfigSpec/CORE]: Incorrect key server.advancedVoidUpgrade.slotsInRow was corrected from null to its default, 4. 
[28Jan2026 00:05:50.852] [Server thread/WARN] [net.minecraftforge.common.ForgeConfigSpec/CORE]: Incorrect key server.advancedVoidUpgrade.voidAnythingEnabled was corrected from null to its default, true. 
[28Jan2026 00:05:50.853] [Server thread/WARN] [net.minecraftforge.common.ForgeConfigSpec/CORE]: Incorrect key server.stackUpgrade was corrected from null to its default, SimpleCommentedConfig:{}. 
[28Jan2026 00:05:50.854] [Server thread/WARN] [net.minecraftforge.common.ForgeConfigSpec/CORE]: Incorrect key server.stackUpgrade.nonStackableItems was corrected from null to its default, [minecraft:bundle, minecraft:shulker_box, minecraft:white_shulker_box, minecraft:orange_shulker_box, minecraft:magenta_shulker_box, minecraft:light_blue_shulker_box, minecraft:yellow_shulker_box, minecraft:lime_shulker_box, minecraft:pink_shulker_box, minecraft:gray_shulker_box, minecraft:light_gray_shulker_box, minecraft:cyan_shulker_box, minecraft:purple_shulker_box, minecraft:blue_shulker_box, minecraft:brown_shulker_box, minecraft:green_shulker_box, minecraft:red_shulker_box, minecraft:black_shulker_box]. 
[28Jan2026 00:05:50.854] [Server thread/WARN] [net.minecraftforge.common.ForgeConfigSpec/CORE]: Incorrect key server.smeltingUpgrade was corrected from null to its default, SimpleCommentedConfig:{}. 
[28Jan2026 00:05:50.854] [Server thread/WARN] [net.minecraftforge.common.ForgeConfigSpec/CORE]: Incorrect key server.smeltingUpgrade.smeltingSpeedMultiplier was corrected from null to its default, 1.0. 
[28Jan2026 00:05:50.855] [Server thread/WARN] [net.minecraftforge.common.ForgeConfigSpec/CORE]: Incorrect key server.smeltingUpgrade.fuelEfficiencyMultiplier was corrected from null to its default, 1.0. 
[28Jan2026 00:05:50.855] [Server thread/WARN] [net.minecraftforge.common.ForgeConfigSpec/CORE]: Incorrect key server.smokingUpgrade was corrected from null to its default, SimpleCommentedConfig:{}. 
[28Jan2026 00:05:50.856] [Server thread/WARN] [net.minecraftforge.common.ForgeConfigSpec/CORE]: Incorrect key server.smokingUpgrade.smeltingSpeedMultiplier was corrected from null to its default, 1.0. 
[28Jan2026 00:05:50.856] [Server thread/WARN] [net.minecraftforge.common.ForgeConfigSpec/CORE]: Incorrect key server.smokingUpgrade.fuelEfficiencyMultiplier was corrected from null to its default, 1.0. 
[28Jan2026 00:05:50.856] [Server thread/WARN] [net.minecraftforge.common.ForgeConfigSpec/CORE]: Incorrect key server.blastingUpgrade was corrected from null to its default, SimpleCommentedConfig:{}. 
[28Jan2026 00:05:50.857] [Server thread/WARN] [net.minecraftforge.common.ForgeConfigSpec/CORE]: Incorrect key server.blastingUpgrade.smeltingSpeedMultiplier was corrected from null to its default, 1.0. 
[28Jan2026 00:05:50.857] [Server thread/WARN] [net.minecraftforge.common.ForgeConfigSpec/CORE]: Incorrect key server.blastingUpgrade.fuelEfficiencyMultiplier was corrected from null to its default, 1.0. 
[28Jan2026 00:05:50.858] [Server thread/WARN] [net.minecraftforge.common.ForgeConfigSpec/CORE]: Incorrect key server.autoSmeltingUpgrade was corrected from null to its default, SimpleCommentedConfig:{}. 
[28Jan2026 00:05:50.858] [Server thread/WARN] [net.minecraftforge.common.ForgeConfigSpec/CORE]: Incorrect key server.autoSmeltingUpgrade.smeltingSpeedMultiplier was corrected from null to its default, 1.0. 
[28Jan2026 00:05:50.858] [Server thread/WARN] [net.minecraftforge.common.ForgeConfigSpec/CORE]: Incorrect key server.autoSmeltingUpgrade.fuelEfficiencyMultiplier was corrected from null to its default, 1.0. 
[28Jan2026 00:05:50.859] [Server thread/WARN] [net.minecraftforge.common.ForgeConfigSpec/CORE]: Incorrect key server.autoSmeltingUpgrade.inputFilterSlots was corrected from null to its default, 8. 
[28Jan2026 00:05:50.859] [Server thread/WARN] [net.minecraftforge.common.ForgeConfigSpec/CORE]: Incorrect key server.autoSmeltingUpgrade.inputFilterSlotsInRow was corrected from null to its default, 4. 
[28Jan2026 00:05:50.859] [Server thread/WARN] [net.minecraftforge.common.ForgeConfigSpec/CORE]: Incorrect key server.autoSmeltingUpgrade.fuelFilterSlots was corrected from null to its default, 4. 
[28Jan2026 00:05:50.860] [Server thread/WARN] [net.minecraftforge.common.ForgeConfigSpec/CORE]: Incorrect key server.autoSmeltingUpgrade.fuelFilterSlotsInRow was corrected from null to its default, 4. 
[28Jan2026 00:05:50.860] [Server thread/WARN] [net.minecraftforge.common.ForgeConfigSpec/CORE]: Incorrect key server.autoSmokingUpgrade was corrected from null to its default, SimpleCommentedConfig:{}. 
[28Jan2026 00:05:50.860] [Server thread/WARN] [net.minecraftforge.common.ForgeConfigSpec/CORE]: Incorrect key server.autoSmokingUpgrade.smeltingSpeedMultiplier was corrected from null to its default, 1.0. 
[28Jan2026 00:05:50.861] [Server thread/WARN] [net.minecraftforge.common.ForgeConfigSpec/CORE]: Incorrect key server.autoSmokingUpgrade.fuelEfficiencyMultiplier was corrected from null to its default, 1.0. 
[28Jan2026 00:05:50.861] [Server thread/WARN] [net.minecraftforge.common.ForgeConfigSpec/CORE]: Incorrect key server.autoSmokingUpgrade.inputFilterSlots was corrected from null to its default, 8. 
[28Jan2026 00:05:50.861] [Server thread/WARN] [net.minecraftforge.common.ForgeConfigSpec/CORE]: Incorrect key server.autoSmokingUpgrade.inputFilterSlotsInRow was corrected from null to its default, 4. 
[28Jan2026 00:05:50.862] [Server thread/WARN] [net.minecraftforge.common.ForgeConfigSpec/CORE]: Incorrect key server.autoSmokingUpgrade.fuelFilterSlots was corrected from null to its default, 4. 
[28Jan2026 00:05:50.862] [Server thread/WARN] [net.minecraftforge.common.ForgeConfigSpec/CORE]: Incorrect key server.autoSmokingUpgrade.fuelFilterSlotsInRow was corrected from null to its default, 4. 
[28Jan2026 00:05:50.863] [Server thread/WARN] [net.minecraftforge.common.ForgeConfigSpec/CORE]: Incorrect key server.autoBlastingUpgrade was corrected from null to its default, SimpleCommentedConfig:{}. 
[28Jan2026 00:05:50.863] [Server thread/WARN] [net.minecraftforge.common.ForgeConfigSpec/CORE]: Incorrect key server.autoBlastingUpgrade.smeltingSpeedMultiplier was corrected from null to its default, 1.0. 
[28Jan2026 00:05:50.863] [Server thread/WARN] [net.minecraftforge.common.ForgeConfigSpec/CORE]: Incorrect key server.autoBlastingUpgrade.fuelEfficiencyMultiplier was corrected from null to its default, 1.0. 
[28Jan2026 00:05:50.864] [Server thread/WARN] [net.minecraftforge.common.ForgeConfigSpec/CORE]: Incorrect key server.autoBlastingUpgrade.inputFilterSlots was corrected from null to its default, 8. 
[28Jan2026 00:05:50.864] [Server thread/WARN] [net.minecraftforge.common.ForgeConfigSpec/CORE]: Incorrect key server.autoBlastingUpgrade.inputFilterSlotsInRow was corrected from null to its default, 4. 
[28Jan2026 00:05:50.864] [Server thread/WARN] [net.minecraftforge.common.ForgeConfigSpec/CORE]: Incorrect key server.autoBlastingUpgrade.fuelFilterSlots was corrected from null to its default, 4. 
[28Jan2026 00:05:50.865] [Server thread/WARN] [net.minecraftforge.common.ForgeConfigSpec/CORE]: Incorrect key server.autoBlastingUpgrade.fuelFilterSlotsInRow was corrected from null to its default, 4. 
[28Jan2026 00:05:50.865] [Server thread/WARN] [net.minecraftforge.common.ForgeConfigSpec/CORE]: Incorrect key server.inceptionUpgrade was corrected from null to its default, SimpleCommentedConfig:{}. 
[28Jan2026 00:05:50.865] [Server thread/WARN] [net.minecraftforge.common.ForgeConfigSpec/CORE]: Incorrect key server.inceptionUpgrade.upgradesUseInventoriesOfBackpacksInBackpack was corrected from null to its default, true. 
[28Jan2026 00:05:50.866] [Server thread/WARN] [net.minecraftforge.common.ForgeConfigSpec/CORE]: Incorrect key server.inceptionUpgrade.upgradesInContainedBackpacksAreFunctional was corrected from null to its default, true. 
[28Jan2026 00:05:50.866] [Server thread/WARN] [net.minecraftforge.common.ForgeConfigSpec/CORE]: Incorrect key server.toolSwapperUpgrade was corrected from null to its default, SimpleCommentedConfig:{}. 
[28Jan2026 00:05:50.866] [Server thread/WARN] [net.minecraftforge.common.ForgeConfigSpec/CORE]: Incorrect key server.toolSwapperUpgrade.filterSlots was corrected from null to its default, 8. 
[28Jan2026 00:05:50.866] [Server thread/WARN] [net.minecraftforge.common.ForgeConfigSpec/CORE]: Incorrect key server.toolSwapperUpgrade.slotsInRow was corrected from null to its default, 4. 
[28Jan2026 00:05:50.867] [Server thread/WARN] [net.minecraftforge.common.ForgeConfigSpec/CORE]: Incorrect key server.tankUpgrade was corrected from null to its default, SimpleCommentedConfig:{}. 
[28Jan2026 00:05:50.867] [Server thread/WARN] [net.minecraftforge.common.ForgeConfigSpec/CORE]: Incorrect key server.tankUpgrade.capacityPerSlotRow was corrected from null to its default, 4000. 
[28Jan2026 00:05:50.867] [Server thread/WARN] [net.minecraftforge.common.ForgeConfigSpec/CORE]: Incorrect key server.tankUpgrade.stackMultiplierRatio was corrected from null to its default, 1.0. 
[28Jan2026 00:05:50.867] [Server thread/WARN] [net.minecraftforge.common.ForgeConfigSpec/CORE]: Incorrect key server.tankUpgrade.autoFillDrainContainerCooldown was corrected from null to its default, 20. 
[28Jan2026 00:05:50.867] [Server thread/WARN] [net.minecraftforge.common.ForgeConfigSpec/CORE]: Incorrect key server.tankUpgrade.maxInputOutput was corrected from null to its default, 20. 
[28Jan2026 00:05:50.867] [Server thread/WARN] [net.minecraftforge.common.ForgeConfigSpec/CORE]: Incorrect key server.tankUpgrade.energyPerSlotRow was corrected from null to its default, 10000. 
[28Jan2026 00:05:50.868] [Server thread/WARN] [net.minecraftforge.common.ForgeConfigSpec/CORE]: Incorrect key server.pumpUpgrade was corrected from null to its default, SimpleCommentedConfig:{}. 
[28Jan2026 00:05:50.868] [Server thread/WARN] [net.minecraftforge.common.ForgeConfigSpec/CORE]: Incorrect key server.pumpUpgrade.filterSlots was corrected from null to its default, 4. 
[28Jan2026 00:05:50.868] [Server thread/WARN] [net.minecraftforge.common.ForgeConfigSpec/CORE]: Incorrect key server.pumpUpgrade.maxInputOutput was corrected from null to its default, 20. 
[28Jan2026 00:05:50.868] [Server thread/WARN] [net.minecraftforge.common.ForgeConfigSpec/CORE]: Incorrect key server.pumpUpgrade.stackMultiplierRatio was corrected from null to its default, 1.0. 
[28Jan2026 00:05:50.868] [Server thread/WARN] [net.minecraftforge.common.ForgeConfigSpec/CORE]: Incorrect key server.xpPumpUpgrade was corrected from null to its default, SimpleCommentedConfig:{}. 
[28Jan2026 00:05:50.869] [Server thread/WARN] [net.minecraftforge.common.ForgeConfigSpec/CORE]: Incorrect key server.xpPumpUpgrade.mendingOn was corrected from null to its default, true. 
[28Jan2026 00:05:50.869] [Server thread/WARN] [net.minecraftforge.common.ForgeConfigSpec/CORE]: Incorrect key server.xpPumpUpgrade.maxXpPointsPerMending was corrected from null to its default, 5. 
[28Jan2026 00:05:50.870] [Server thread/WARN] [net.minecraftforge.common.ForgeConfigSpec/CORE]: Incorrect key server.advancedJukeboxUpgrade was corrected from null to its default, SimpleCommentedConfig:{}. 
[28Jan2026 00:05:50.870] [Server thread/WARN] [net.minecraftforge.common.ForgeConfigSpec/CORE]: Incorrect key server.advancedJukeboxUpgrade.numberOfSlots was corrected from null to its default, 12. 
[28Jan2026 00:05:50.870] [Server thread/WARN] [net.minecraftforge.common.ForgeConfigSpec/CORE]: Incorrect key server.advancedJukeboxUpgrade.slotsInRow was corrected from null to its default, 4. 
[28Jan2026 00:05:50.871] [Server thread/WARN] [net.minecraftforge.common.ForgeConfigSpec/CORE]: Incorrect key server.alchemyUpgrade was corrected from null to its default, SimpleCommentedConfig:{}. 
[28Jan2026 00:05:50.871] [Server thread/WARN] [net.minecraftforge.common.ForgeConfigSpec/CORE]: Incorrect key server.alchemyUpgrade.filterSlots was corrected from null to its default, 4. 
[28Jan2026 00:05:50.872] [Server thread/WARN] [net.minecraftforge.common.ForgeConfigSpec/CORE]: Incorrect key server.advancedAlchemyUpgrade was corrected from null to its default, SimpleCommentedConfig:{}. 
[28Jan2026 00:05:50.872] [Server thread/WARN] [net.minecraftforge.common.ForgeConfigSpec/CORE]: Incorrect key server.advancedAlchemyUpgrade.filterSlots was corrected from null to its default, 8. 
[28Jan2026 00:05:50.873] [Server thread/WARN] [net.minecraftforge.common.ForgeConfigSpec/CORE]: Incorrect key server.entityBackpackAdditions was corrected from null to its default, SimpleCommentedConfig:{}. 
[28Jan2026 00:05:50.873] [Server thread/WARN] [net.minecraftforge.common.ForgeConfigSpec/CORE]: Incorrect key server.entityBackpackAdditions.chance was corrected from null to its default, 0.01. 
[28Jan2026 00:05:50.873] [Server thread/WARN] [net.minecraftforge.common.ForgeConfigSpec/CORE]: Incorrect key server.entityBackpackAdditions.addLoot was corrected from null to its default, true. 
[28Jan2026 00:05:50.874] [Server thread/WARN] [net.minecraftforge.common.ForgeConfigSpec/CORE]: Incorrect key server.entityBackpackAdditions.buffWithPotionEffects was corrected from null to its default, true. 
[28Jan2026 00:05:50.874] [Server thread/WARN] [net.minecraftforge.common.ForgeConfigSpec/CORE]: Incorrect key server.entityBackpackAdditions.buffHealth was corrected from null to its default, true. 
[28Jan2026 00:05:50.875] [Server thread/WARN] [net.minecraftforge.common.ForgeConfigSpec/CORE]: Incorrect key server.entityBackpackAdditions.equipWithArmor was corrected from null to its default, true. 
[28Jan2026 00:05:50.876] [Server thread/WARN] [net.minecraftforge.common.ForgeConfigSpec/CORE]: Incorrect key server.entityBackpackAdditions.entityLootTableList was corrected from null to its default, [minecraft:creeper|minecraft:chests/desert_pyramid, minecraft:drowned|minecraft:chests/shipwreck_treasure, minecraft:enderman|minecraft:chests/end_city_treasure, minecraft:evoker|minecraft:chests/woodland_mansion, minecraft:husk|minecraft:chests/desert_pyramid, minecraft:piglin|minecraft:chests/bastion_bridge, minecraft:piglin_brute|minecraft:chests/bastion_treasure, minecraft:pillager|minecraft:chests/pillager_outpost, minecraft:skeleton|minecraft:chests/simple_dungeon, minecraft:stray|minecraft:chests/igloo_chest, minecraft:vex|minecraft:chests/woodland_mansion, minecraft:vindicator|minecraft:chests/woodland_mansion, minecraft:witch|minecraft:chests/buried_treasure, minecraft:wither_skeleton|minecraft:chests/nether_bridge, minecraft:zombie|minecraft:chests/simple_dungeon, minecraft:zombie_villager|minecraft:chests/village/village_armorer, minecraft:zombified_piglin|minecraft:chests/bastion_other]. 
[28Jan2026 00:05:50.877] [Server thread/WARN] [net.minecraftforge.common.ForgeConfigSpec/CORE]: Incorrect key server.entityBackpackAdditions.discBlockList was corrected from null to its default, [botania:record_gaia_1, botania:record_gaia_2]. 
[28Jan2026 00:05:50.877] [Server thread/WARN] [net.minecraftforge.common.ForgeConfigSpec/CORE]: Incorrect key server.entityBackpackAdditions.playJukebox was corrected from null to its default, true. 
[28Jan2026 00:05:50.878] [Server thread/WARN] [net.minecraftforge.common.ForgeConfigSpec/CORE]: Incorrect key server.entityBackpackAdditions.dropToFakePlayers was corrected from null to its default, false. 
[28Jan2026 00:05:50.878] [Server thread/WARN] [net.minecraftforge.common.ForgeConfigSpec/CORE]: Incorrect key server.entityBackpackAdditions.backpackDropChance was corrected from null to its default, 0.5. 
[28Jan2026 00:05:50.878] [Server thread/WARN] [net.minecraftforge.common.ForgeConfigSpec/CORE]: Incorrect key server.entityBackpackAdditions.lootingChanceIncreasePerLevel was corrected from null to its default, 0.15. 
[28Jan2026 00:05:50.879] [Server thread/WARN] [net.minecraftforge.common.ForgeConfigSpec/CORE]: Incorrect key server.entityBackpackAdditions.leatherWeight was corrected from null to its default, 625. 
[28Jan2026 00:05:50.879] [Server thread/WARN] [net.minecraftforge.common.ForgeConfigSpec/CORE]: Incorrect key server.entityBackpackAdditions.copperWeight was corrected from null to its default, 250. 
[28Jan2026 00:05:50.879] [Server thread/WARN] [net.minecraftforge.common.ForgeConfigSpec/CORE]: Incorrect key server.entityBackpackAdditions.ironWeight was corrected from null to its default, 125. 
[28Jan2026 00:05:50.880] [Server thread/WARN] [net.minecraftforge.common.ForgeConfigSpec/CORE]: Incorrect key server.entityBackpackAdditions.goldWeight was corrected from null to its default, 25. 
[28Jan2026 00:05:50.880] [Server thread/WARN] [net.minecraftforge.common.ForgeConfigSpec/CORE]: Incorrect key server.entityBackpackAdditions.diamondWeight was corrected from null to its default, 5. 
[28Jan2026 00:05:50.880] [Server thread/WARN] [net.minecraftforge.common.ForgeConfigSpec/CORE]: Incorrect key server.entityBackpackAdditions.netheriteWeight was corrected from null to its default, 1. 
[28Jan2026 00:05:50.881] [Server thread/WARN] [net.minecraftforge.common.ForgeConfigSpec/CORE]: Incorrect key server.entityBackpackAdditions.minBackpackTierMidDifficulty was corrected from null to its default, 1. 
[28Jan2026 00:05:50.881] [Server thread/WARN] [net.minecraftforge.common.ForgeConfigSpec/CORE]: Incorrect key server.entityBackpackAdditions.minBackpackTierHighDifficulty was corrected from null to its default, 2. 
[28Jan2026 00:05:50.881] [Server thread/WARN] [net.minecraftforge.common.ForgeConfigSpec/CORE]: Incorrect key server.entityBackpackAdditions.localDifficultyEffectsBackpackSpawns was corrected from null to its default, true. 
[28Jan2026 00:05:50.882] [Server thread/WARN] [net.minecraftforge.common.ForgeConfigSpec/CORE]: Incorrect key server.nerfs was corrected from null to its default, SimpleCommentedConfig:{}. 
[28Jan2026 00:05:50.882] [Server thread/WARN] [net.minecraftforge.common.ForgeConfigSpec/CORE]: Incorrect key server.nerfs.tooManyBackpacksSlowness was corrected from null to its default, false. 
[28Jan2026 00:05:50.882] [Server thread/WARN] [net.minecraftforge.common.ForgeConfigSpec/CORE]: Incorrect key server.nerfs.maxNumberOfBackpacks was corrected from null to its default, 3. 
[28Jan2026 00:05:50.883] [Server thread/WARN] [net.minecraftforge.common.ForgeConfigSpec/CORE]: Incorrect key server.nerfs.slownessLevelsPerAdditionalBackpack was corrected from null to its default, 1.0. 
[28Jan2026 00:05:50.883] [Server thread/WARN] [net.minecraftforge.common.ForgeConfigSpec/CORE]: Incorrect key server.nerfs.onlyWornBackpackTriggersUpgrades was corrected from null to its default, false. 
[28Jan2026 00:05:50.883] [Server thread/WARN] [net.minecraftforge.common.ForgeConfigSpec/CORE]: Incorrect key server.nerfs.nerfEffect was corrected from null to its default, minecraft:slowness. 
[28Jan2026 00:05:50.884] [Server thread/WARN] [net.minecraftforge.common.ForgeConfigSpec/CORE]: Incorrect key server.maxUpgradesPerStorage was corrected from null to its default, [stack_upgrades|3, jukebox_upgrades|1, furnace_upgrades|1]. 
[28Jan2026 00:05:50.884] [Server thread/WARN] [net.minecraftforge.common.ForgeConfigSpec/CORE]: Incorrect key server.itemFluidHandlerEnabled was corrected from null to its default, true. 
[28Jan2026 00:05:50.884] [Server thread/WARN] [net.minecraftforge.common.ForgeConfigSpec/CORE]: Incorrect key server.allowOpeningOtherPlayerBackpacks was corrected from null to its default, true. 
[28Jan2026 00:05:50.885] [Server thread/WARN] [net.minecraftforge.common.ForgeConfigSpec/CORE]: Incorrect key server.itemDisplayDisabled was corrected from null to its default, false. 
[28Jan2026 00:05:50.885] [Server thread/WARN] [net.minecraftforge.common.ForgeConfigSpec/CORE]: Incorrect key server.tickDedupeLogicDisabled was corrected from null to its default, false. 
[28Jan2026 00:05:50.885] [Server thread/WARN] [net.minecraftforge.common.ForgeConfigSpec/CORE]: Incorrect key server.canBePlacedInContainerItems was corrected from null to its default, false. 
[28Jan2026 00:05:50.892] [Server thread/WARN] [net.minecraftforge.common.ForgeConfigSpec/CORE]: Configuration file ./world/serverconfig/paraglider-server.toml is not correct. Correcting
[28Jan2026 00:05:50.892] [Server thread/WARN] [net.minecraftforge.common.ForgeConfigSpec/CORE]: Incorrect key ascendingWinds was corrected from null to its default, true. 
[28Jan2026 00:05:50.893] [Server thread/WARN] [net.minecraftforge.common.ForgeConfigSpec/CORE]: Incorrect key windSources was corrected from null to its default, [fire, soul_fire, campfire#lit=true, soul_campfire#lit=true]. 
[28Jan2026 00:05:50.894] [Server thread/WARN] [net.minecraftforge.common.ForgeConfigSpec/CORE]: Incorrect key paraglidingSpeed was corrected from null to its default, 1.0. 
[28Jan2026 00:05:50.895] [Server thread/WARN] [net.minecraftforge.common.ForgeConfigSpec/CORE]: Incorrect key paragliderDurability was corrected from null to its default, 0. 
[28Jan2026 00:05:50.895] [Server thread/WARN] [net.minecraftforge.common.ForgeConfigSpec/CORE]: Incorrect key spiritOrbs was corrected from null to its default, SimpleCommentedConfig:{}. 
[28Jan2026 00:05:50.896] [Server thread/WARN] [net.minecraftforge.common.ForgeConfigSpec/CORE]: Incorrect key spiritOrbs.enderDragonDropsVessel was corrected from null to its default, true. 
[28Jan2026 00:05:50.896] [Server thread/WARN] [net.minecraftforge.common.ForgeConfigSpec/CORE]: Incorrect key spiritOrbs.raidGivesVessel was corrected from null to its default, true. 
[28Jan2026 00:05:50.896] [Server thread/WARN] [net.minecraftforge.common.ForgeConfigSpec/CORE]: Incorrect key spiritOrbs.spawnerSpiritOrbDrops was corrected from null to its default, 2. 
[28Jan2026 00:05:50.896] [Server thread/WARN] [net.minecraftforge.common.ForgeConfigSpec/CORE]: Incorrect key spiritOrbs.spiritOrbLoots was corrected from null to its default, true. 
[28Jan2026 00:05:50.897] [Server thread/WARN] [net.minecraftforge.common.ForgeConfigSpec/CORE]: Incorrect key vessels was corrected from null to its default, SimpleCommentedConfig:{}. 
[28Jan2026 00:05:50.897] [Server thread/WARN] [net.minecraftforge.common.ForgeConfigSpec/CORE]: Incorrect key vessels.startingHearts was corrected from null to its default, 10. 
[28Jan2026 00:05:50.897] [Server thread/WARN] [net.minecraftforge.common.ForgeConfigSpec/CORE]: Incorrect key vessels.maxHeartContainers was corrected from null to its default, 20. 
[28Jan2026 00:05:50.897] [Server thread/WARN] [net.minecraftforge.common.ForgeConfigSpec/CORE]: Incorrect key vessels.maxStamina was corrected from null to its default, 3000. 
[28Jan2026 00:05:50.898] [Server thread/WARN] [net.minecraftforge.common.ForgeConfigSpec/CORE]: Incorrect key vessels.startingStamina was corrected from null to its default, 1000. 
[28Jan2026 00:05:50.898] [Server thread/WARN] [net.minecraftforge.common.ForgeConfigSpec/CORE]: Incorrect key vessels.maxStaminaVessels was corrected from null to its default, 10. 
[28Jan2026 00:05:50.898] [Server thread/WARN] [net.minecraftforge.common.ForgeConfigSpec/CORE]: Incorrect key stamina was corrected from null to its default, SimpleCommentedConfig:{}. 
[28Jan2026 00:05:50.899] [Server thread/WARN] [net.minecraftforge.common.ForgeConfigSpec/CORE]: Incorrect key stamina.paraglidingConsumesStamina was corrected from null to its default, true. 
[28Jan2026 00:05:50.899] [Server thread/WARN] [net.minecraftforge.common.ForgeConfigSpec/CORE]: Incorrect key stamina.runningAndSwimmingConsumesStamina was corrected from null to its default, false. 
[28Jan2026 00:05:50.899] [Server thread/WARN] [net.minecraftforge.common.ForgeConfigSpec/CORE]: Incorrect key paragliderInTowersOfTheWild was corrected from null to its default, DEFAULT. 
[28Jan2026 00:05:50.905] [Server thread/WARN] [net.minecraftforge.common.ForgeConfigSpec/CORE]: Configuration file ./world/serverconfig/forge-server.toml is not correct. Correcting
[28Jan2026 00:05:50.905] [Server thread/WARN] [net.minecraftforge.common.ForgeConfigSpec/CORE]: Incorrect key server was corrected from null to its default, SimpleCommentedConfig:{}. 
[28Jan2026 00:05:50.905] [Server thread/WARN] [net.minecraftforge.common.ForgeConfigSpec/CORE]: Incorrect key server.removeErroringBlockEntities was corrected from null to its default, false. 
[28Jan2026 00:05:50.905] [Server thread/WARN] [net.minecraftforge.common.ForgeConfigSpec/CORE]: Incorrect key server.removeErroringEntities was corrected from null to its default, false. 
[28Jan2026 00:05:50.906] [Server thread/WARN] [net.minecraftforge.common.ForgeConfigSpec/CORE]: Incorrect key server.fullBoundingBoxLadders was corrected from null to its default, false. 
[28Jan2026 00:05:50.906] [Server thread/WARN] [net.minecraftforge.common.ForgeConfigSpec/CORE]: Incorrect key server.zombieBaseSummonChance was corrected from null to its default, 0.1. 
[28Jan2026 00:05:50.906] [Server thread/WARN] [net.minecraftforge.common.ForgeConfigSpec/CORE]: Incorrect key server.zombieBabyChance was corrected from null to its default, 0.05. 
[28Jan2026 00:05:50.906] [Server thread/WARN] [net.minecraftforge.common.ForgeConfigSpec/CORE]: Incorrect key server.permissionHandler was corrected from null to its default, forge:default_handler. 
[28Jan2026 00:05:50.906] [Server thread/WARN] [net.minecraftforge.common.ForgeConfigSpec/CORE]: Incorrect key server.advertiseDedicatedServerToLan was corrected from null to its default, true. 
[28Jan2026 00:05:50.909] [Server thread/WARN] [net.minecraftforge.common.ForgeConfigSpec/CORE]: Configuration file ./world/serverconfig/easier_sleeping-server.toml is not correct. Correcting
[28Jan2026 00:05:50.910] [Server thread/WARN] [net.minecraftforge.common.ForgeConfigSpec/CORE]: Incorrect key sleep_percent was corrected from null to its default, 50. 
[28Jan2026 00:05:50.910] [Server thread/WARN] [net.minecraftforge.common.ForgeConfigSpec/CORE]: Incorrect key sleep_message was corrected from null to its default, is now in bed.. 
[28Jan2026 00:05:50.911] [Server thread/WARN] [net.minecraftforge.common.ForgeConfigSpec/CORE]: Incorrect key wake_message was corrected from null to its default, stood up.. 
[28Jan2026 00:05:50.912] [Server thread/WARN] [net.minecraftforge.common.ForgeConfigSpec/CORE]: Incorrect key morning_message was corrected from null to its default, Good Morning. 
[28Jan2026 00:05:50.913] [Server thread/WARN] [net.minecraftforge.common.ForgeConfigSpec/CORE]: Incorrect key all_players_rest was corrected from null to its default, false. 
[28Jan2026 00:05:50.914] [Server thread/WARN] [net.minecraftforge.common.ForgeConfigSpec/CORE]: Incorrect key dimensions was corrected from null to its default, [minecraft:overworld]. 
[28Jan2026 00:05:50.914] [Server thread/WARN] [net.minecraftforge.common.ForgeConfigSpec/CORE]: Incorrect key dimension_list_type was corrected from null to its default, SLEEP_ACTIVE. 
[28Jan2026 00:05:50.915] [Server thread/WARN] [net.minecraftforge.common.ForgeConfigSpec/CORE]: Incorrect key block_blacklist was corrected from null to its default, []. 
[28Jan2026 00:05:50.916] [Server thread/INFO] [de.geheimagentnr1.minecraft_forge_api.config.AbstractConfig/]: Loading "Easier Sleeping" SERVER Config
[28Jan2026 00:05:50.916] [Server thread/INFO] [de.geheimagentnr1.minecraft_forge_api.config.AbstractConfig/]: sleep_message = is now in bed.
[28Jan2026 00:05:50.917] [Server thread/INFO] [de.geheimagentnr1.minecraft_forge_api.config.AbstractConfig/]: dimension_list_type = SLEEP_ACTIVE
[28Jan2026 00:05:50.917] [Server thread/INFO] [de.geheimagentnr1.minecraft_forge_api.config.AbstractConfig/]: wake_message = stood up.
[28Jan2026 00:05:50.917] [Server thread/INFO] [de.geheimagentnr1.minecraft_forge_api.config.AbstractConfig/]: block_blacklist = []
[28Jan2026 00:05:50.917] [Server thread/INFO] [de.geheimagentnr1.minecraft_forge_api.config.AbstractConfig/]: sleep_percent = 50
[28Jan2026 00:05:50.917] [Server thread/INFO] [de.geheimagentnr1.minecraft_forge_api.config.AbstractConfig/]: morning_message = Good Morning
[28Jan2026 00:05:50.917] [Server thread/INFO] [de.geheimagentnr1.minecraft_forge_api.config.AbstractConfig/]: all_players_rest = false
[28Jan2026 00:05:50.917] [Thread-0/INFO] [de.geheimagentnr1.minecraft_forge_api.config.AbstractConfig/]: Loading "Easier Sleeping" SERVER Config
[28Jan2026 00:05:50.917] [Server thread/INFO] [de.geheimagentnr1.minecraft_forge_api.config.AbstractConfig/]: dimensions = [minecraft:overworld]
[28Jan2026 00:05:50.918] [Thread-0/INFO] [de.geheimagentnr1.minecraft_forge_api.config.AbstractConfig/]: sleep_message = is now in bed.
[28Jan2026 00:05:50.918] [Server thread/INFO] [de.geheimagentnr1.minecraft_forge_api.config.AbstractConfig/]: "Easier Sleeping" SERVER Config loaded
[28Jan2026 00:05:50.918] [Thread-0/INFO] [de.geheimagentnr1.minecraft_forge_api.config.AbstractConfig/]: dimension_list_type = SLEEP_ACTIVE
[28Jan2026 00:05:50.918] [Thread-0/INFO] [de.geheimagentnr1.minecraft_forge_api.config.AbstractConfig/]: wake_message = stood up.
[28Jan2026 00:05:50.919] [Thread-0/INFO] [de.geheimagentnr1.minecraft_forge_api.config.AbstractConfig/]: block_blacklist = []
[28Jan2026 00:05:50.919] [Thread-0/INFO] [de.geheimagentnr1.minecraft_forge_api.config.AbstractConfig/]: sleep_percent = 50
[28Jan2026 00:05:50.919] [Thread-0/INFO] [de.geheimagentnr1.minecraft_forge_api.config.AbstractConfig/]: morning_message = Good Morning
[28Jan2026 00:05:50.919] [Server thread/WARN] [net.minecraftforge.common.ForgeConfigSpec/CORE]: Configuration file ./world/serverconfig/curios-server.toml is not correct. Correcting
[28Jan2026 00:05:50.919] [Thread-0/INFO] [de.geheimagentnr1.minecraft_forge_api.config.AbstractConfig/]: all_players_rest = false
[28Jan2026 00:05:50.920] [Server thread/WARN] [net.minecraftforge.common.ForgeConfigSpec/CORE]: Incorrect key keepCurios was corrected from null to its default, DEFAULT. 
[28Jan2026 00:05:50.920] [Thread-0/INFO] [de.geheimagentnr1.minecraft_forge_api.config.AbstractConfig/]: dimensions = [minecraft:overworld]
[28Jan2026 00:05:50.921] [Thread-0/INFO] [de.geheimagentnr1.minecraft_forge_api.config.AbstractConfig/]: "Easier Sleeping" SERVER Config loaded
[28Jan2026 00:05:50.921] [Server thread/WARN] [net.minecraftforge.common.ForgeConfigSpec/CORE]: Incorrect key menu was corrected from null to its default, SimpleCommentedConfig:{}. 
[28Jan2026 00:05:50.922] [Server thread/WARN] [net.minecraftforge.common.ForgeConfigSpec/CORE]: Incorrect key menu.enableLegacyMenu was corrected from null to its default, false. 
[28Jan2026 00:05:50.922] [Server thread/WARN] [net.minecraftforge.common.ForgeConfigSpec/CORE]: Incorrect key menu.experimental was corrected from null to its default, SimpleCommentedConfig:{}. 
[28Jan2026 00:05:50.922] [Thread-0/INFO] [de.geheimagentnr1.minecraft_forge_api.config.AbstractConfig/]: Loading "Easier Sleeping" SERVER Config
[28Jan2026 00:05:50.922] [Thread-0/INFO] [de.geheimagentnr1.minecraft_forge_api.config.AbstractConfig/]: sleep_message = is now in bed.
[28Jan2026 00:05:50.922] [Server thread/WARN] [net.minecraftforge.common.ForgeConfigSpec/CORE]: Incorrect key menu.experimental.minimumColumns was corrected from null to its default, 1. 
[28Jan2026 00:05:50.922] [Thread-0/INFO] [de.geheimagentnr1.minecraft_forge_api.config.AbstractConfig/]: dimension_list_type = SLEEP_ACTIVE
[28Jan2026 00:05:50.923] [Thread-0/INFO] [de.geheimagentnr1.minecraft_forge_api.config.AbstractConfig/]: wake_message = stood up.
[28Jan2026 00:05:50.923] [Thread-0/INFO] [de.geheimagentnr1.minecraft_forge_api.config.AbstractConfig/]: block_blacklist = []
[28Jan2026 00:05:50.923] [Server thread/WARN] [net.minecraftforge.common.ForgeConfigSpec/CORE]: Incorrect key menu.experimental.maxSlotsPerPage was corrected from null to its default, 48. 
[28Jan2026 00:05:50.923] [Thread-0/INFO] [de.geheimagentnr1.minecraft_forge_api.config.AbstractConfig/]: sleep_percent = 50
[28Jan2026 00:05:50.923] [Thread-0/INFO] [de.geheimagentnr1.minecraft_forge_api.config.AbstractConfig/]: morning_message = Good Morning
[28Jan2026 00:05:50.924] [Thread-0/INFO] [de.geheimagentnr1.minecraft_forge_api.config.AbstractConfig/]: all_players_rest = false
[28Jan2026 00:05:50.924] [Thread-0/INFO] [de.geheimagentnr1.minecraft_forge_api.config.AbstractConfig/]: dimensions = [minecraft:overworld]
[28Jan2026 00:05:50.924] [Thread-0/INFO] [de.geheimagentnr1.minecraft_forge_api.config.AbstractConfig/]: "Easier Sleeping" SERVER Config loaded
[28Jan2026 00:05:50.927] [Server thread/WARN] [net.minecraftforge.common.ForgeConfigSpec/CORE]: Configuration file ./world/serverconfig/create-server.toml is not correct. Correcting
[28Jan2026 00:05:50.927] [Server thread/WARN] [net.minecraftforge.common.ForgeConfigSpec/CORE]: Incorrect key infrastructure was corrected from null to its default, SimpleCommentedConfig:{}. 
[28Jan2026 00:05:50.927] [Server thread/WARN] [net.minecraftforge.common.ForgeConfigSpec/CORE]: Incorrect key infrastructure.tickrateSyncTimer was corrected from null to its default, 20. 
[28Jan2026 00:05:50.931] [Server thread/WARN] [net.minecraftforge.common.ForgeConfigSpec/CORE]: Incorrect key recipes was corrected from null to its default, SimpleCommentedConfig:{}. 
[28Jan2026 00:05:50.931] [Server thread/WARN] [net.minecraftforge.common.ForgeConfigSpec/CORE]: Incorrect key recipes.bulkPressing was corrected from null to its default, false. 
[28Jan2026 00:05:50.931] [Server thread/WARN] [net.minecraftforge.common.ForgeConfigSpec/CORE]: Incorrect key recipes.bulkCutting was corrected from null to its default, false. 
[28Jan2026 00:05:50.931] [Server thread/WARN] [net.minecraftforge.common.ForgeConfigSpec/CORE]: Incorrect key recipes.allowBrewingInMixer was corrected from null to its default, true. 
[28Jan2026 00:05:50.932] [Server thread/WARN] [net.minecraftforge.common.ForgeConfigSpec/CORE]: Incorrect key recipes.allowShapelessInMixer was corrected from null to its default, true. 
[28Jan2026 00:05:50.932] [Server thread/WARN] [net.minecraftforge.common.ForgeConfigSpec/CORE]: Incorrect key recipes.allowShapedSquareInPress was corrected from null to its default, true. 
[28Jan2026 00:05:50.932] [Server thread/WARN] [net.minecraftforge.common.ForgeConfigSpec/CORE]: Incorrect key recipes.allowRegularCraftingInCrafter was corrected from null to its default, true. 
[28Jan2026 00:05:50.932] [Server thread/WARN] [net.minecraftforge.common.ForgeConfigSpec/CORE]: Incorrect key recipes.maxFireworkIngredientsInCrafter was corrected from null to its default, 9. 
[28Jan2026 00:05:50.932] [Server thread/WARN] [net.minecraftforge.common.ForgeConfigSpec/CORE]: Incorrect key recipes.allowStonecuttingOnSaw was corrected from null to its default, true. 
[28Jan2026 00:05:50.932] [Server thread/WARN] [net.minecraftforge.common.ForgeConfigSpec/CORE]: Incorrect key recipes.allowCastingBySpout was corrected from null to its default, true. 
[28Jan2026 00:05:50.933] [Server thread/WARN] [net.minecraftforge.common.ForgeConfigSpec/CORE]: Incorrect key recipes.displayLogStrippingRecipes was corrected from null to its default, true. 
[28Jan2026 00:05:50.933] [Server thread/WARN] [net.minecraftforge.common.ForgeConfigSpec/CORE]: Incorrect key recipes.lightSourceCountForRefinedRadiance was corrected from null to its default, 10. 
[28Jan2026 00:05:50.933] [Server thread/WARN] [net.minecraftforge.common.ForgeConfigSpec/CORE]: Incorrect key recipes.enableRefinedRadianceRecipe was corrected from null to its default, true. 
[28Jan2026 00:05:50.933] [Server thread/WARN] [net.minecraftforge.common.ForgeConfigSpec/CORE]: Incorrect key recipes.enableShadowSteelRecipe was corrected from null to its default, true. 
[28Jan2026 00:05:50.937] [Server thread/WARN] [net.minecraftforge.common.ForgeConfigSpec/CORE]: Incorrect key kinetics was corrected from null to its default, SimpleCommentedConfig:{}. 
[28Jan2026 00:05:50.937] [Server thread/WARN] [net.minecraftforge.common.ForgeConfigSpec/CORE]: Incorrect key kinetics.disableStress was corrected from null to its default, false. 
[28Jan2026 00:05:50.937] [Server thread/WARN] [net.minecraftforge.common.ForgeConfigSpec/CORE]: Incorrect key kinetics.maxBeltLength was corrected from null to its default, 20. 
[28Jan2026 00:05:50.938] [Server thread/WARN] [net.minecraftforge.common.ForgeConfigSpec/CORE]: Incorrect key kinetics.maxChainConveyorLength was corrected from null to its default, 32. 
[28Jan2026 00:05:50.938] [Server thread/WARN] [net.minecraftforge.common.ForgeConfigSpec/CORE]: Incorrect key kinetics.maxChainConveyorConnections was corrected from null to its default, 4. 
[28Jan2026 00:05:50.938] [Server thread/WARN] [net.minecraftforge.common.ForgeConfigSpec/CORE]: Incorrect key kinetics.crushingDamage was corrected from null to its default, 4. 
[28Jan2026 00:05:50.938] [Server thread/WARN] [net.minecraftforge.common.ForgeConfigSpec/CORE]: Incorrect key kinetics.maxRotationSpeed was corrected from null to its default, 256. 
[28Jan2026 00:05:50.939] [Server thread/WARN] [net.minecraftforge.common.ForgeConfigSpec/CORE]: Incorrect key kinetics.ignoreDeployerAttacks was corrected from null to its default, CREEPERS. 
[28Jan2026 00:05:50.939] [Server thread/WARN] [net.minecraftforge.common.ForgeConfigSpec/CORE]: Incorrect key kinetics.kineticValidationFrequency was corrected from null to its default, 60. 
[28Jan2026 00:05:50.941] [Server thread/WARN] [net.minecraftforge.common.ForgeConfigSpec/CORE]: Incorrect key kinetics.crankHungerMultiplier was corrected from null to its default, 0.009999999776482582. 
[28Jan2026 00:05:50.941] [Server thread/WARN] [net.minecraftforge.common.ForgeConfigSpec/CORE]: Incorrect key kinetics.minimumWindmillSails was corrected from null to its default, 8. 
[28Jan2026 00:05:50.942] [Server thread/WARN] [net.minecraftforge.common.ForgeConfigSpec/CORE]: Incorrect key kinetics.windmillSailsPerRPM was corrected from null to its default, 8. 
[28Jan2026 00:05:50.945] [Server thread/WARN] [net.minecraftforge.common.ForgeConfigSpec/CORE]: Incorrect key kinetics.maxEjectorDistance was corrected from null to its default, 32. 
[28Jan2026 00:05:50.945] [Server thread/WARN] [net.minecraftforge.common.ForgeConfigSpec/CORE]: Incorrect key kinetics.ejectorScanInterval was corrected from null to its default, 120. 
[28Jan2026 00:05:50.946] [Server thread/WARN] [net.minecraftforge.common.ForgeConfigSpec/CORE]: Incorrect key kinetics.encasedFan was corrected from null to its default, SimpleCommentedConfig:{}. 
[28Jan2026 00:05:50.947] [Server thread/WARN] [net.minecraftforge.common.ForgeConfigSpec/CORE]: Incorrect key kinetics.encasedFan.fanPushDistance was corrected from null to its default, 20. 
[28Jan2026 00:05:50.948] [Server thread/WARN] [net.minecraftforge.common.ForgeConfigSpec/CORE]: Incorrect key kinetics.encasedFan.fanPullDistance was corrected from null to its default, 20. 
[28Jan2026 00:05:50.949] [Server thread/WARN] [net.minecraftforge.common.ForgeConfigSpec/CORE]: Incorrect key kinetics.encasedFan.fanBlockCheckRate was corrected from null to its default, 30. 
[28Jan2026 00:05:50.950] [Server thread/WARN] [net.minecraftforge.common.ForgeConfigSpec/CORE]: Incorrect key kinetics.encasedFan.fanRotationArgmax was corrected from null to its default, 256. 
[28Jan2026 00:05:50.951] [Server thread/WARN] [net.minecraftforge.common.ForgeConfigSpec/CORE]: Incorrect key kinetics.encasedFan.fanProcessingTime was corrected from null to its default, 150. 
[28Jan2026 00:05:50.951] [Server thread/WARN] [net.minecraftforge.common.ForgeConfigSpec/CORE]: Incorrect key kinetics.contraptions was corrected from null to its default, SimpleCommentedConfig:{}. 
[28Jan2026 00:05:50.951] [Server thread/WARN] [net.minecraftforge.common.ForgeConfigSpec/CORE]: Incorrect key kinetics.contraptions.maxBlocksMoved was corrected from null to its default, 2048. 
[28Jan2026 00:05:50.952] [Server thread/WARN] [net.minecraftforge.common.ForgeConfigSpec/CORE]: Incorrect key kinetics.contraptions.maxChassisRange was corrected from null to its default, 16. 
[28Jan2026 00:05:50.953] [Server thread/WARN] [net.minecraftforge.common.ForgeConfigSpec/CORE]: Incorrect key kinetics.contraptions.maxPistonPoles was corrected from null to its default, 64. 
[28Jan2026 00:05:50.953] [Server thread/WARN] [net.minecraftforge.common.ForgeConfigSpec/CORE]: Incorrect key kinetics.contraptions.maxRopeLength was corrected from null to its default, 384. 
[28Jan2026 00:05:50.953] [Server thread/WARN] [net.minecraftforge.common.ForgeConfigSpec/CORE]: Incorrect key kinetics.contraptions.maxCartCouplingLength was corrected from null to its default, 32. 
[28Jan2026 00:05:50.953] [Server thread/WARN] [net.minecraftforge.common.ForgeConfigSpec/CORE]: Incorrect key kinetics.contraptions.rollerFillDepth was corrected from null to its default, 12. 
[28Jan2026 00:05:50.953] [Server thread/WARN] [net.minecraftforge.common.ForgeConfigSpec/CORE]: Incorrect key kinetics.contraptions.survivalContraptionPickup was corrected from null to its default, true. 
[28Jan2026 00:05:50.954] [Server thread/WARN] [net.minecraftforge.common.ForgeConfigSpec/CORE]: Incorrect key kinetics.contraptions.movableSpawners was corrected from null to its default, NO_PICKUP. 
[28Jan2026 00:05:50.954] [Server thread/WARN] [net.minecraftforge.common.ForgeConfigSpec/CORE]: Incorrect key kinetics.contraptions.amethystMovement was corrected from null to its default, NO_PICKUP. 
[28Jan2026 00:05:50.954] [Server thread/WARN] [net.minecraftforge.common.ForgeConfigSpec/CORE]: Incorrect key kinetics.contraptions.movableObsidian was corrected from null to its default, UNMOVABLE. 
[28Jan2026 00:05:50.954] [Server thread/WARN] [net.minecraftforge.common.ForgeConfigSpec/CORE]: Incorrect key kinetics.contraptions.movableReinforcedDeepslate was corrected from null to its default, UNMOVABLE. 
[28Jan2026 00:05:50.955] [Server thread/WARN] [net.minecraftforge.common.ForgeConfigSpec/CORE]: Incorrect key kinetics.contraptions.moveItemsToStorage was corrected from null to its default, true. 
[28Jan2026 00:05:50.955] [Server thread/WARN] [net.minecraftforge.common.ForgeConfigSpec/CORE]: Incorrect key kinetics.contraptions.harvestPartiallyGrown was corrected from null to its default, false. 
[28Jan2026 00:05:50.955] [Server thread/WARN] [net.minecraftforge.common.ForgeConfigSpec/CORE]: Incorrect key kinetics.contraptions.harvesterReplants was corrected from null to its default, true. 
[28Jan2026 00:05:50.955] [Server thread/WARN] [net.minecraftforge.common.ForgeConfigSpec/CORE]: Incorrect key kinetics.contraptions.minecartContraptionInContainers was corrected from null to its default, false. 
[28Jan2026 00:05:50.956] [Server thread/WARN] [net.minecraftforge.common.ForgeConfigSpec/CORE]: Incorrect key kinetics.contraptions.stabiliseStableContraptions was corrected from null to its default, false. 
[28Jan2026 00:05:50.956] [Server thread/WARN] [net.minecraftforge.common.ForgeConfigSpec/CORE]: Incorrect key kinetics.contraptions.syncPlayerPickupHitboxWithContraptionHitbox was corrected from null to its default, false. 
[28Jan2026 00:05:50.957] [Server thread/WARN] [net.minecraftforge.common.ForgeConfigSpec/CORE]: Incorrect key kinetics.contraptions.noDropWhenContraptionReplaceBlocks was corrected from null to its default, false. 
[28Jan2026 00:05:50.957] [Server thread/WARN] [net.minecraftforge.common.ForgeConfigSpec/CORE]: Incorrect key kinetics.stats was corrected from null to its default, SimpleCommentedConfig:{}. 
[28Jan2026 00:05:50.957] [Server thread/WARN] [net.minecraftforge.common.ForgeConfigSpec/CORE]: Incorrect key kinetics.stats.mediumSpeed was corrected from null to its default, 30.0. 
[28Jan2026 00:05:50.957] [Server thread/WARN] [net.minecraftforge.common.ForgeConfigSpec/CORE]: Incorrect key kinetics.stats.fastSpeed was corrected from null to its default, 100.0. 
[28Jan2026 00:05:50.958] [Server thread/WARN] [net.minecraftforge.common.ForgeConfigSpec/CORE]: Incorrect key kinetics.stats.mediumStressImpact was corrected from null to its default, 4.0. 
[28Jan2026 00:05:50.958] [Server thread/WARN] [net.minecraftforge.common.ForgeConfigSpec/CORE]: Incorrect key kinetics.stats.highStressImpact was corrected from null to its default, 8.0. 
[28Jan2026 00:05:50.958] [Server thread/WARN] [net.minecraftforge.common.ForgeConfigSpec/CORE]: Incorrect key kinetics.stats.mediumCapacity was corrected from null to its default, 256.0. 
[28Jan2026 00:05:50.959] [Server thread/WARN] [net.minecraftforge.common.ForgeConfigSpec/CORE]: Incorrect key kinetics.stats.highCapacity was corrected from null to its default, 1024.0. 
[28Jan2026 00:05:50.959] [Server thread/WARN] [net.minecraftforge.common.ForgeConfigSpec/CORE]: Incorrect key kinetics.stressValues was corrected from null to its default, SimpleCommentedConfig:{}. 
[28Jan2026 00:05:50.959] [Server thread/WARN] [net.minecraftforge.common.ForgeConfigSpec/CORE]: Incorrect key kinetics.stressValues.v2 was corrected from null to its default, SimpleCommentedConfig:{}. 
[28Jan2026 00:05:50.960] [Server thread/WARN] [net.minecraftforge.common.ForgeConfigSpec/CORE]: Incorrect key kinetics.stressValues.v2.impact was corrected from null to its default, SimpleCommentedConfig:{}. 
[28Jan2026 00:05:50.960] [Server thread/WARN] [net.minecraftforge.common.ForgeConfigSpec/CORE]: Incorrect key kinetics.stressValues.v2.impact.brass_encased_shaft was corrected from null to its default, 0.0. 
[28Jan2026 00:05:50.961] [Server thread/WARN] [net.minecraftforge.common.ForgeConfigSpec/CORE]: Incorrect key kinetics.stressValues.v2.impact.turntable was corrected from null to its default, 4.0. 
[28Jan2026 00:05:50.961] [Server thread/WARN] [net.minecraftforge.common.ForgeConfigSpec/CORE]: Incorrect key kinetics.stressValues.v2.impact.clutch was corrected from null to its default, 0.0. 
[28Jan2026 00:05:50.962] [Server thread/WARN] [net.minecraftforge.common.ForgeConfigSpec/CORE]: Incorrect key kinetics.stressValues.v2.impact.mechanical_mixer was corrected from null to its default, 4.0. 
[28Jan2026 00:05:50.962] [Server thread/WARN] [net.minecraftforge.common.ForgeConfigSpec/CORE]: Incorrect key kinetics.stressValues.v2.impact.gearbox was corrected from null to its default, 0.0. 
[28Jan2026 00:05:50.962] [Server thread/WARN] [net.minecraftforge.common.ForgeConfigSpec/CORE]: Incorrect key kinetics.stressValues.v2.impact.mechanical_bearing was corrected from null to its default, 4.0. 
[28Jan2026 00:05:50.962] [Server thread/WARN] [net.minecraftforge.common.ForgeConfigSpec/CORE]: Incorrect key kinetics.stressValues.v2.impact.copper_backtank was corrected from null to its default, 4.0. 
[28Jan2026 00:05:50.962] [Server thread/WARN] [net.minecraftforge.common.ForgeConfigSpec/CORE]: Incorrect key kinetics.stressValues.v2.impact.hose_pulley was corrected from null to its default, 4.0. 
[28Jan2026 00:05:50.963] [Server thread/WARN] [net.minecraftforge.common.ForgeConfigSpec/CORE]: Incorrect key kinetics.stressValues.v2.impact.display_board was corrected from null to its default, 0.0. 
[28Jan2026 00:05:50.963] [Server thread/WARN] [net.minecraftforge.common.ForgeConfigSpec/CORE]: Incorrect key kinetics.stressValues.v2.impact.crushing_wheel was corrected from null to its default, 8.0. 
[28Jan2026 00:05:50.963] [Server thread/WARN] [net.minecraftforge.common.ForgeConfigSpec/CORE]: Incorrect key kinetics.stressValues.v2.impact.adjustable_chain_gearshift was corrected from null to its default, 0.0. 
[28Jan2026 00:05:50.963] [Server thread/WARN] [net.minecraftforge.common.ForgeConfigSpec/CORE]: Incorrect key kinetics.stressValues.v2.impact.millstone was corrected from null to its default, 4.0. 
[28Jan2026 00:05:50.963] [Server thread/WARN] [net.minecraftforge.common.ForgeConfigSpec/CORE]: Incorrect key kinetics.stressValues.v2.impact.rotation_speed_controller was corrected from null to its default, 0.0. 
[28Jan2026 00:05:50.964] [Server thread/WARN] [net.minecraftforge.common.ForgeConfigSpec/CORE]: Incorrect key kinetics.stressValues.v2.impact.sticky_mechanical_piston was corrected from null to its default, 4.0. 
[28Jan2026 00:05:50.964] [Server thread/WARN] [net.minecraftforge.common.ForgeConfigSpec/CORE]: Incorrect key kinetics.stressValues.v2.impact.mechanical_crafter was corrected from null to its default, 2.0. 
[28Jan2026 00:05:50.964] [Server thread/WARN] [net.minecraftforge.common.ForgeConfigSpec/CORE]: Incorrect key kinetics.stressValues.v2.impact.deployer was corrected from null to its default, 4.0. 
[28Jan2026 00:05:50.965] [Server thread/WARN] [net.minecraftforge.common.ForgeConfigSpec/CORE]: Incorrect key kinetics.stressValues.v2.impact.elevator_pulley was corrected from null to its default, 4.0. 
[28Jan2026 00:05:50.966] [Server thread/WARN] [net.minecraftforge.common.ForgeConfigSpec/CORE]: Incorrect key kinetics.stressValues.v2.impact.stressometer was corrected from null to its default, 0.0. 
[28Jan2026 00:05:50.966] [Server thread/WARN] [net.minecraftforge.common.ForgeConfigSpec/CORE]: Incorrect key kinetics.stressValues.v2.impact.cogwheel was corrected from null to its default, 0.0. 
[28Jan2026 00:05:50.967] [Server thread/WARN] [net.minecraftforge.common.ForgeConfigSpec/CORE]: Incorrect key kinetics.stressValues.v2.impact.encased_chain_drive was corrected from null to its default, 0.0. 
[28Jan2026 00:05:50.967] [Server thread/WARN] [net.minecraftforge.common.ForgeConfigSpec/CORE]: Incorrect key kinetics.stressValues.v2.impact.belt was corrected from null to its default, 0.0. 
[28Jan2026 00:05:50.967] [Server thread/WARN] [net.minecraftforge.common.ForgeConfigSpec/CORE]: Incorrect key kinetics.stressValues.v2.impact.brass_encased_large_cogwheel was corrected from null to its default, 0.0. 
[28Jan2026 00:05:50.967] [Server thread/WARN] [net.minecraftforge.common.ForgeConfigSpec/CORE]: Incorrect key kinetics.stressValues.v2.impact.weighted_ejector was corrected from null to its default, 2.0. 
[28Jan2026 00:05:50.968] [Server thread/WARN] [net.minecraftforge.common.ForgeConfigSpec/CORE]: Incorrect key kinetics.stressValues.v2.impact.chain_conveyor was corrected from null to its default, 1.0. 
[28Jan2026 00:05:50.968] [Server thread/WARN] [net.minecraftforge.common.ForgeConfigSpec/CORE]: Incorrect key kinetics.stressValues.v2.impact.mechanical_saw was corrected from null to its default, 4.0. 
[28Jan2026 00:05:50.968] [Server thread/WARN] [net.minecraftforge.common.ForgeConfigSpec/CORE]: Incorrect key kinetics.stressValues.v2.impact.flywheel was corrected from null to its default, 0.0. 
[28Jan2026 00:05:50.968] [Server thread/WARN] [net.minecraftforge.common.ForgeConfigSpec/CORE]: Incorrect key kinetics.stressValues.v2.impact.mechanical_piston was corrected from null to its default, 4.0. 
[28Jan2026 00:05:50.969] [Server thread/WARN] [net.minecraftforge.common.ForgeConfigSpec/CORE]: Incorrect key kinetics.stressValues.v2.impact.speedometer was corrected from null to its default, 0.0. 
[28Jan2026 00:05:50.969] [Server thread/WARN] [net.minecraftforge.common.ForgeConfigSpec/CORE]: Incorrect key kinetics.stressValues.v2.impact.brass_encased_cogwheel was corrected from null to its default, 0.0. 
[28Jan2026 00:05:50.969] [Server thread/WARN] [net.minecraftforge.common.ForgeConfigSpec/CORE]: Incorrect key kinetics.stressValues.v2.impact.clockwork_bearing was corrected from null to its default, 4.0. 
[28Jan2026 00:05:50.969] [Server thread/WARN] [net.minecraftforge.common.ForgeConfigSpec/CORE]: Incorrect key kinetics.stressValues.v2.impact.mechanical_press was corrected from null to its default, 8.0. 
[28Jan2026 00:05:50.970] [Server thread/WARN] [net.minecraftforge.common.ForgeConfigSpec/CORE]: Incorrect key kinetics.stressValues.v2.impact.mechanical_drill was corrected from null to its default, 4.0. 
[28Jan2026 00:05:50.970] [Server thread/WARN] [net.minecraftforge.common.ForgeConfigSpec/CORE]: Incorrect key kinetics.stressValues.v2.impact.andesite_encased_shaft was corrected from null to its default, 0.0. 
[28Jan2026 00:05:50.970] [Server thread/WARN] [net.minecraftforge.common.ForgeConfigSpec/CORE]: Incorrect key kinetics.stressValues.v2.impact.netherite_backtank was corrected from null to its default, 4.0. 
[28Jan2026 00:05:50.970] [Server thread/WARN] [net.minecraftforge.common.ForgeConfigSpec/CORE]: Incorrect key kinetics.stressValues.v2.impact.mechanical_arm was corrected from null to its default, 2.0. 
[28Jan2026 00:05:50.971] [Server thread/WARN] [net.minecraftforge.common.ForgeConfigSpec/CORE]: Incorrect key kinetics.stressValues.v2.impact.sequenced_gearshift was corrected from null to its default, 0.0. 
[28Jan2026 00:05:50.971] [Server thread/WARN] [net.minecraftforge.common.ForgeConfigSpec/CORE]: Incorrect key kinetics.stressValues.v2.impact.andesite_encased_large_cogwheel was corrected from null to its default, 0.0. 
[28Jan2026 00:05:50.972] [Server thread/WARN] [net.minecraftforge.common.ForgeConfigSpec/CORE]: Incorrect key kinetics.stressValues.v2.impact.shaft was corrected from null to its default, 0.0. 
[28Jan2026 00:05:50.972] [Server thread/WARN] [net.minecraftforge.common.ForgeConfigSpec/CORE]: Incorrect key kinetics.stressValues.v2.impact.cuckoo_clock was corrected from null to its default, 1.0. 
[28Jan2026 00:05:50.972] [Server thread/WARN] [net.minecraftforge.common.ForgeConfigSpec/CORE]: Incorrect key kinetics.stressValues.v2.impact.gearshift was corrected from null to its default, 0.0. 
[28Jan2026 00:05:50.972] [Server thread/WARN] [net.minecraftforge.common.ForgeConfigSpec/CORE]: Incorrect key kinetics.stressValues.v2.impact.rope_pulley was corrected from null to its default, 4.0. 
[28Jan2026 00:05:50.972] [Server thread/WARN] [net.minecraftforge.common.ForgeConfigSpec/CORE]: Incorrect key kinetics.stressValues.v2.impact.andesite_encased_cogwheel was corrected from null to its default, 0.0. 
[28Jan2026 00:05:50.973] [Server thread/WARN] [net.minecraftforge.common.ForgeConfigSpec/CORE]: Incorrect key kinetics.stressValues.v2.impact.large_cogwheel was corrected from null to its default, 0.0. 
[28Jan2026 00:05:50.973] [Server thread/WARN] [net.minecraftforge.common.ForgeConfigSpec/CORE]: Incorrect key kinetics.stressValues.v2.impact.encased_fan was corrected from null to its default, 2.0. 
[28Jan2026 00:05:50.973] [Server thread/WARN] [net.minecraftforge.common.ForgeConfigSpec/CORE]: Incorrect key kinetics.stressValues.v2.impact.mysterious_cuckoo_clock was corrected from null to its default, 1.0. 
[28Jan2026 00:05:50.973] [Server thread/WARN] [net.minecraftforge.common.ForgeConfigSpec/CORE]: Incorrect key kinetics.stressValues.v2.impact.gantry_shaft was corrected from null to its default, 0.0. 
[28Jan2026 00:05:50.973] [Server thread/WARN] [net.minecraftforge.common.ForgeConfigSpec/CORE]: Incorrect key kinetics.stressValues.v2.impact.mechanical_pump was corrected from null to its default, 4.0. 
[28Jan2026 00:05:50.974] [Server thread/WARN] [net.minecraftforge.common.ForgeConfigSpec/CORE]: Incorrect key kinetics.stressValues.v2.capacity was corrected from null to its default, SimpleCommentedConfig:{}. 
[28Jan2026 00:05:50.974] [Server thread/WARN] [net.minecraftforge.common.ForgeConfigSpec/CORE]: Incorrect key kinetics.stressValues.v2.capacity.steam_engine was corrected from null to its default, 1024.0. 
[28Jan2026 00:05:50.974] [Server thread/WARN] [net.minecraftforge.common.ForgeConfigSpec/CORE]: Incorrect key kinetics.stressValues.v2.capacity.water_wheel was corrected from null to its default, 32.0. 
[28Jan2026 00:05:50.974] [Server thread/WARN] [net.minecraftforge.common.ForgeConfigSpec/CORE]: Incorrect key kinetics.stressValues.v2.capacity.copper_valve_handle was corrected from null to its default, 8.0. 
[28Jan2026 00:05:50.974] [Server thread/WARN] [net.minecraftforge.common.ForgeConfigSpec/CORE]: Incorrect key kinetics.stressValues.v2.capacity.hand_crank was corrected from null to its default, 8.0. 
[28Jan2026 00:05:50.975] [Server thread/WARN] [net.minecraftforge.common.ForgeConfigSpec/CORE]: Incorrect key kinetics.stressValues.v2.capacity.creative_motor was corrected from null to its default, 16384.0. 
[28Jan2026 00:05:50.975] [Server thread/WARN] [net.minecraftforge.common.ForgeConfigSpec/CORE]: Incorrect key kinetics.stressValues.v2.capacity.large_water_wheel was corrected from null to its default, 128.0. 
[28Jan2026 00:05:50.975] [Server thread/WARN] [net.minecraftforge.common.ForgeConfigSpec/CORE]: Incorrect key kinetics.stressValues.v2.capacity.windmill_bearing was corrected from null to its default, 512.0. 
[28Jan2026 00:05:50.978] [Server thread/WARN] [net.minecraftforge.common.ForgeConfigSpec/CORE]: Incorrect key fluids was corrected from null to its default, SimpleCommentedConfig:{}. 
[28Jan2026 00:05:50.979] [Server thread/WARN] [net.minecraftforge.common.ForgeConfigSpec/CORE]: Incorrect key fluids.fluidTankCapacity was corrected from null to its default, 8. 
[28Jan2026 00:05:50.979] [Server thread/WARN] [net.minecraftforge.common.ForgeConfigSpec/CORE]: Incorrect key fluids.fluidTankMaxHeight was corrected from null to its default, 32. 
[28Jan2026 00:05:50.979] [Server thread/WARN] [net.minecraftforge.common.ForgeConfigSpec/CORE]: Incorrect key fluids.mechanicalPumpRange was corrected from null to its default, 16. 
[28Jan2026 00:05:50.979] [Server thread/WARN] [net.minecraftforge.common.ForgeConfigSpec/CORE]: Incorrect key fluids.hosePulleyRange was corrected from null to its default, 128. 
[28Jan2026 00:05:50.979] [Server thread/WARN] [net.minecraftforge.common.ForgeConfigSpec/CORE]: Incorrect key fluids.hosePulleyBlockThreshold was corrected from null to its default, 10000. 
[28Jan2026 00:05:50.980] [Server thread/WARN] [net.minecraftforge.common.ForgeConfigSpec/CORE]: Incorrect key fluids.fillInfinite was corrected from null to its default, false. 
[28Jan2026 00:05:50.980] [Server thread/WARN] [net.minecraftforge.common.ForgeConfigSpec/CORE]: Incorrect key fluids.bottomlessFluidMode was corrected from null to its default, ALLOW_BY_TAG. 
[28Jan2026 00:05:50.980] [Server thread/WARN] [net.minecraftforge.common.ForgeConfigSpec/CORE]: Incorrect key fluids.fluidFillPlaceFluidSourceBlocks was corrected from null to its default, true. 
[28Jan2026 00:05:50.980] [Server thread/WARN] [net.minecraftforge.common.ForgeConfigSpec/CORE]: Incorrect key fluids.pipesPlaceFluidSourceBlocks was corrected from null to its default, true. 
[28Jan2026 00:05:50.983] [Server thread/WARN] [net.minecraftforge.common.ForgeConfigSpec/CORE]: Incorrect key logistics was corrected from null to its default, SimpleCommentedConfig:{}. 
[28Jan2026 00:05:50.984] [Server thread/WARN] [net.minecraftforge.common.ForgeConfigSpec/CORE]: Incorrect key logistics.defaultExtractionTimer was corrected from null to its default, 8. 
[28Jan2026 00:05:50.984] [Server thread/WARN] [net.minecraftforge.common.ForgeConfigSpec/CORE]: Incorrect key logistics.psiTimeout was corrected from null to its default, 60. 
[28Jan2026 00:05:50.984] [Server thread/WARN] [net.minecraftforge.common.ForgeConfigSpec/CORE]: Incorrect key logistics.mechanicalArmRange was corrected from null to its default, 5. 
[28Jan2026 00:05:50.985] [Server thread/WARN] [net.minecraftforge.common.ForgeConfigSpec/CORE]: Incorrect key logistics.packagePortRange was corrected from null to its default, 5. 
[28Jan2026 00:05:50.985] [Server thread/WARN] [net.minecraftforge.common.ForgeConfigSpec/CORE]: Incorrect key logistics.linkRange was corrected from null to its default, 256. 
[28Jan2026 00:05:50.985] [Server thread/WARN] [net.minecraftforge.common.ForgeConfigSpec/CORE]: Incorrect key logistics.displayLinkRange was corrected from null to its default, 64. 
[28Jan2026 00:05:50.985] [Server thread/WARN] [net.minecraftforge.common.ForgeConfigSpec/CORE]: Incorrect key logistics.vaultCapacity was corrected from null to its default, 20. 
[28Jan2026 00:05:50.985] [Server thread/WARN] [net.minecraftforge.common.ForgeConfigSpec/CORE]: Incorrect key logistics.chainConveyorCapacity was corrected from null to its default, 20. 
[28Jan2026 00:05:50.986] [Server thread/WARN] [net.minecraftforge.common.ForgeConfigSpec/CORE]: Incorrect key logistics.brassTunnelTimer was corrected from null to its default, 10. 
[28Jan2026 00:05:50.986] [Server thread/WARN] [net.minecraftforge.common.ForgeConfigSpec/CORE]: Incorrect key logistics.factoryGaugeTimer was corrected from null to its default, 100. 
[28Jan2026 00:05:50.986] [Server thread/WARN] [net.minecraftforge.common.ForgeConfigSpec/CORE]: Incorrect key logistics.seatHostileMobs was corrected from null to its default, true. 
[28Jan2026 00:05:50.989] [Server thread/WARN] [net.minecraftforge.common.ForgeConfigSpec/CORE]: Incorrect key schematics was corrected from null to its default, SimpleCommentedConfig:{}. 
[28Jan2026 00:05:50.989] [Server thread/WARN] [net.minecraftforge.common.ForgeConfigSpec/CORE]: Incorrect key schematics.creativePrintIncludesAir was corrected from null to its default, false. 
[28Jan2026 00:05:50.989] [Server thread/WARN] [net.minecraftforge.common.ForgeConfigSpec/CORE]: Incorrect key schematics.maxSchematics was corrected from null to its default, 10. 
[28Jan2026 00:05:50.990] [Server thread/WARN] [net.minecraftforge.common.ForgeConfigSpec/CORE]: Incorrect key schematics.maxTotalSchematicSize was corrected from null to its default, 256. 
[28Jan2026 00:05:50.990] [Server thread/WARN] [net.minecraftforge.common.ForgeConfigSpec/CORE]: Incorrect key schematics.maxSchematicPacketSize was corrected from null to its default, 1024. 
[28Jan2026 00:05:50.990] [Server thread/WARN] [net.minecraftforge.common.ForgeConfigSpec/CORE]: Incorrect key schematics.schematicIdleTimeout was corrected from null to its default, 600. 
[28Jan2026 00:05:50.991] [Server thread/WARN] [net.minecraftforge.common.ForgeConfigSpec/CORE]: Incorrect key schematics.schematicannon was corrected from null to its default, SimpleCommentedConfig:{}. 
[28Jan2026 00:05:50.991] [Server thread/WARN] [net.minecraftforge.common.ForgeConfigSpec/CORE]: Incorrect key schematics.schematicannon.schematicannonDelay was corrected from null to its default, 10. 
[28Jan2026 00:05:50.991] [Server thread/WARN] [net.minecraftforge.common.ForgeConfigSpec/CORE]: Incorrect key schematics.schematicannon.schematicannonShotsPerGunpowder was corrected from null to its default, 400. 
[28Jan2026 00:05:50.994] [Server thread/WARN] [net.minecraftforge.common.ForgeConfigSpec/CORE]: Incorrect key equipment was corrected from null to its default, SimpleCommentedConfig:{}. 
[28Jan2026 00:05:50.994] [Server thread/WARN] [net.minecraftforge.common.ForgeConfigSpec/CORE]: Incorrect key equipment.maxSymmetryWandRange was corrected from null to its default, 50. 
[28Jan2026 00:05:50.994] [Server thread/WARN] [net.minecraftforge.common.ForgeConfigSpec/CORE]: Incorrect key equipment.placementAssistRange was corrected from null to its default, 12. 
[28Jan2026 00:05:50.995] [Server thread/WARN] [net.minecraftforge.common.ForgeConfigSpec/CORE]: Incorrect key equipment.toolboxRange was corrected from null to its default, 10. 
[28Jan2026 00:05:50.995] [Server thread/WARN] [net.minecraftforge.common.ForgeConfigSpec/CORE]: Incorrect key equipment.airInBacktank was corrected from null to its default, 900. 
[28Jan2026 00:05:50.996] [Server thread/WARN] [net.minecraftforge.common.ForgeConfigSpec/CORE]: Incorrect key equipment.enchantedBacktankCapacity was corrected from null to its default, 300. 
[28Jan2026 00:05:50.996] [Server thread/WARN] [net.minecraftforge.common.ForgeConfigSpec/CORE]: Incorrect key equipment.maxExtendoGripActions was corrected from null to its default, 1000. 
[28Jan2026 00:05:50.996] [Server thread/WARN] [net.minecraftforge.common.ForgeConfigSpec/CORE]: Incorrect key equipment.maxPotatoCannonShots was corrected from null to its default, 200. 
[28Jan2026 00:05:50.999] [Server thread/WARN] [net.minecraftforge.common.ForgeConfigSpec/CORE]: Incorrect key trains was corrected from null to its default, SimpleCommentedConfig:{}. 
[28Jan2026 00:05:50.999] [Server thread/WARN] [net.minecraftforge.common.ForgeConfigSpec/CORE]: Incorrect key trains.trainsCauseDamage was corrected from null to its default, true. 
[28Jan2026 00:05:50.999] [Server thread/WARN] [net.minecraftforge.common.ForgeConfigSpec/CORE]: Incorrect key trains.maxTrackPlacementLength was corrected from null to its default, 32. 
[28Jan2026 00:05:50.999] [Server thread/WARN] [net.minecraftforge.common.ForgeConfigSpec/CORE]: Incorrect key trains.maxAssemblyLength was corrected from null to its default, 128. 
[28Jan2026 00:05:51.000] [Server thread/WARN] [net.minecraftforge.common.ForgeConfigSpec/CORE]: Incorrect key trains.maxBogeyCount was corrected from null to its default, 20. 
[28Jan2026 00:05:51.000] [Server thread/WARN] [net.minecraftforge.common.ForgeConfigSpec/CORE]: Incorrect key trains.manualTrainSpeedModifier was corrected from null to its default, 0.75. 
[28Jan2026 00:05:51.000] [Server thread/WARN] [net.minecraftforge.common.ForgeConfigSpec/CORE]: Incorrect key trains.trainStats was corrected from null to its default, SimpleCommentedConfig:{}. 
[28Jan2026 00:05:51.000] [Server thread/WARN] [net.minecraftforge.common.ForgeConfigSpec/CORE]: Incorrect key trains.trainStats.trainTopSpeed was corrected from null to its default, 28.0. 
[28Jan2026 00:05:51.001] [Server thread/WARN] [net.minecraftforge.common.ForgeConfigSpec/CORE]: Incorrect key trains.trainStats.trainTurningTopSpeed was corrected from null to its default, 14.0. 
[28Jan2026 00:05:51.001] [Server thread/WARN] [net.minecraftforge.common.ForgeConfigSpec/CORE]: Incorrect key trains.trainStats.trainAcceleration was corrected from null to its default, 3.0. 
[28Jan2026 00:05:51.001] [Server thread/WARN] [net.minecraftforge.common.ForgeConfigSpec/CORE]: Incorrect key trains.poweredTrainStats was corrected from null to its default, SimpleCommentedConfig:{}. 
[28Jan2026 00:05:51.001] [Server thread/WARN] [net.minecraftforge.common.ForgeConfigSpec/CORE]: Incorrect key trains.poweredTrainStats.poweredTrainTopSpeed was corrected from null to its default, 40.0. 
[28Jan2026 00:05:51.001] [Server thread/WARN] [net.minecraftforge.common.ForgeConfigSpec/CORE]: Incorrect key trains.poweredTrainStats.poweredTrainTurningTopSpeed was corrected from null to its default, 20.0. 
[28Jan2026 00:05:51.002] [Server thread/WARN] [net.minecraftforge.common.ForgeConfigSpec/CORE]: Incorrect key trains.poweredTrainStats.poweredTrainAcceleration was corrected from null to its default, 3.0. 
[28Jan2026 00:05:51.071] [Server thread/INFO] [net.minecraft.server.dedicated.DedicatedServer/]: Preparing level "world"
[28Jan2026 00:05:51.594] [Server thread/WARN] [net.minecraft.network.syncher.SynchedEntityData/]: defineId called for: class forge.net.mca.entity.CribEntity from class forge.net.mca.util.network.datasync.CDataParameter
[28Jan2026 00:05:51.595] [Server thread/WARN] [net.minecraft.network.syncher.SynchedEntityData/]: defineId called for: class forge.net.mca.entity.CribEntity from class forge.net.mca.util.network.datasync.CEnumParameter
[28Jan2026 00:05:51.595] [Server thread/WARN] [net.minecraft.network.syncher.SynchedEntityData/]: defineId called for: class forge.net.mca.entity.CribEntity from class forge.net.mca.util.network.datasync.CEnumParameter
[28Jan2026 00:05:51.788] [Server thread/WARN] [net.minecraft.network.syncher.SynchedEntityData/]: defineId called for: class forge.net.mca.entity.ZombieVillagerEntityMCA from class forge.net.mca.util.network.datasync.CDataParameter
[28Jan2026 00:05:51.788] [Server thread/WARN] [net.minecraft.network.syncher.SynchedEntityData/]: defineId called for: class forge.net.mca.entity.ZombieVillagerEntityMCA from class forge.net.mca.util.network.datasync.CDataParameter
[28Jan2026 00:05:51.788] [Server thread/WARN] [net.minecraft.network.syncher.SynchedEntityData/]: defineId called for: class forge.net.mca.entity.ZombieVillagerEntityMCA from class forge.net.mca.util.network.datasync.CDataParameter
[28Jan2026 00:05:51.789] [Server thread/WARN] [net.minecraft.network.syncher.SynchedEntityData/]: defineId called for: class forge.net.mca.entity.ZombieVillagerEntityMCA from class forge.net.mca.util.network.datasync.CDataParameter
[28Jan2026 00:05:51.789] [Server thread/WARN] [net.minecraft.network.syncher.SynchedEntityData/]: defineId called for: class forge.net.mca.entity.ZombieVillagerEntityMCA from class forge.net.mca.util.network.datasync.CDataParameter
[28Jan2026 00:05:51.789] [Server thread/WARN] [net.minecraft.network.syncher.SynchedEntityData/]: defineId called for: class forge.net.mca.entity.ZombieVillagerEntityMCA from class forge.net.mca.util.network.datasync.CDataParameter
[28Jan2026 00:05:51.789] [Server thread/WARN] [net.minecraft.network.syncher.SynchedEntityData/]: defineId called for: class forge.net.mca.entity.ZombieVillagerEntityMCA from class forge.net.mca.util.network.datasync.CDataParameter
[28Jan2026 00:05:51.789] [Server thread/WARN] [net.minecraft.network.syncher.SynchedEntityData/]: defineId called for: class forge.net.mca.entity.ZombieVillagerEntityMCA from class forge.net.mca.util.network.datasync.CEnumParameter
[28Jan2026 00:05:51.790] [Server thread/WARN] [net.minecraft.network.syncher.SynchedEntityData/]: defineId called for: class forge.net.mca.entity.ZombieVillagerEntityMCA from class forge.net.mca.util.network.datasync.CDataParameter
[28Jan2026 00:05:51.790] [Server thread/WARN] [net.minecraft.network.syncher.SynchedEntityData/]: defineId called for: class forge.net.mca.entity.ZombieVillagerEntityMCA from class forge.net.mca.util.network.datasync.CDataParameter
[28Jan2026 00:05:51.790] [Server thread/WARN] [net.minecraft.network.syncher.SynchedEntityData/]: defineId called for: class forge.net.mca.entity.ZombieVillagerEntityMCA from class forge.net.mca.util.network.datasync.CDataParameter
[28Jan2026 00:05:51.791] [Server thread/WARN] [net.minecraft.network.syncher.SynchedEntityData/]: defineId called for: class forge.net.mca.entity.ZombieVillagerEntityMCA from class forge.net.mca.util.network.datasync.CDataParameter
[28Jan2026 00:05:51.791] [Server thread/WARN] [net.minecraft.network.syncher.SynchedEntityData/]: defineId called for: class forge.net.mca.entity.ZombieVillagerEntityMCA from class forge.net.mca.util.network.datasync.CDataParameter
[28Jan2026 00:05:51.792] [Server thread/WARN] [net.minecraft.network.syncher.SynchedEntityData/]: defineId called for: class forge.net.mca.entity.ZombieVillagerEntityMCA from class forge.net.mca.util.network.datasync.CDataParameter
[28Jan2026 00:05:51.792] [Server thread/WARN] [net.minecraft.network.syncher.SynchedEntityData/]: defineId called for: class forge.net.mca.entity.ZombieVillagerEntityMCA from class forge.net.mca.util.network.datasync.CDataParameter
[28Jan2026 00:05:51.792] [Server thread/WARN] [net.minecraft.network.syncher.SynchedEntityData/]: defineId called for: class forge.net.mca.entity.ZombieVillagerEntityMCA from class forge.net.mca.util.network.datasync.CDataParameter
[28Jan2026 00:05:51.796] [Server thread/WARN] [net.minecraft.network.syncher.SynchedEntityData/]: defineId called for: class forge.net.mca.entity.ZombieVillagerEntityMCA from class forge.net.mca.util.network.datasync.CDataParameter
[28Jan2026 00:05:51.796] [Server thread/WARN] [net.minecraft.network.syncher.SynchedEntityData/]: defineId called for: class forge.net.mca.entity.ZombieVillagerEntityMCA from class forge.net.mca.util.network.datasync.CDataParameter
[28Jan2026 00:05:51.796] [Server thread/WARN] [net.minecraft.network.syncher.SynchedEntityData/]: defineId called for: class forge.net.mca.entity.ZombieVillagerEntityMCA from class forge.net.mca.util.network.datasync.CDataParameter
[28Jan2026 00:05:51.796] [Server thread/WARN] [net.minecraft.network.syncher.SynchedEntityData/]: defineId called for: class forge.net.mca.entity.ZombieVillagerEntityMCA from class forge.net.mca.util.network.datasync.CEnumParameter
[28Jan2026 00:05:51.797] [Server thread/WARN] [net.minecraft.network.syncher.SynchedEntityData/]: defineId called for: class forge.net.mca.entity.ZombieVillagerEntityMCA from class forge.net.mca.util.network.datasync.CDataParameter
[28Jan2026 00:05:51.799] [Server thread/WARN] [net.minecraft.network.syncher.SynchedEntityData/]: defineId called for: class forge.net.mca.entity.ZombieVillagerEntityMCA from class forge.net.mca.util.network.datasync.CDataParameter
[28Jan2026 00:05:51.799] [Server thread/WARN] [net.minecraft.network.syncher.SynchedEntityData/]: defineId called for: class forge.net.mca.entity.ZombieVillagerEntityMCA from class forge.net.mca.util.network.datasync.CEnumParameter
[28Jan2026 00:05:51.799] [Server thread/WARN] [net.minecraft.network.syncher.SynchedEntityData/]: defineId called for: class forge.net.mca.entity.ZombieVillagerEntityMCA from class forge.net.mca.util.network.datasync.CDataParameter
[28Jan2026 00:05:51.799] [Server thread/WARN] [net.minecraft.network.syncher.SynchedEntityData/]: defineId called for: class forge.net.mca.entity.ZombieVillagerEntityMCA from class forge.net.mca.util.network.datasync.CEnumParameter
[28Jan2026 00:05:51.800] [Server thread/WARN] [net.minecraft.network.syncher.SynchedEntityData/]: defineId called for: class forge.net.mca.entity.ZombieVillagerEntityMCA from class forge.net.mca.util.network.datasync.CEnumParameter
[28Jan2026 00:05:51.801] [Server thread/WARN] [net.minecraft.network.syncher.SynchedEntityData/]: defineId called for: class forge.net.mca.entity.ZombieVillagerEntityMCA from class forge.net.mca.util.network.datasync.CDataParameter
[28Jan2026 00:05:51.803] [Server thread/WARN] [net.minecraft.network.syncher.SynchedEntityData/]: defineId called for: class forge.net.mca.entity.ZombieVillagerEntityMCA from class forge.net.mca.util.network.datasync.CDataParameter
[28Jan2026 00:05:51.804] [Server thread/WARN] [net.minecraft.network.syncher.SynchedEntityData/]: defineId called for: class forge.net.mca.entity.ZombieVillagerEntityMCA from class forge.net.mca.util.network.datasync.CDataParameter
[28Jan2026 00:05:51.805] [Server thread/WARN] [net.minecraft.network.syncher.SynchedEntityData/]: defineId called for: class forge.net.mca.entity.ZombieVillagerEntityMCA from class forge.net.mca.util.network.datasync.CDataParameter
[28Jan2026 00:05:51.806] [Server thread/WARN] [net.minecraft.network.syncher.SynchedEntityData/]: defineId called for: class forge.net.mca.entity.ZombieVillagerEntityMCA from class forge.net.mca.util.network.datasync.CDataParameter
[28Jan2026 00:05:51.806] [Server thread/WARN] [net.minecraft.network.syncher.SynchedEntityData/]: defineId called for: class forge.net.mca.entity.ZombieVillagerEntityMCA from class forge.net.mca.util.network.datasync.CDataParameter
[28Jan2026 00:05:51.806] [Server thread/WARN] [net.minecraft.network.syncher.SynchedEntityData/]: defineId called for: class forge.net.mca.entity.ZombieVillagerEntityMCA from class forge.net.mca.util.network.datasync.CDataParameter
[28Jan2026 00:05:51.807] [Server thread/WARN] [net.minecraft.network.syncher.SynchedEntityData/]: defineId called for: class forge.net.mca.entity.ZombieVillagerEntityMCA from class forge.net.mca.util.network.datasync.CDataParameter
[28Jan2026 00:05:51.807] [Server thread/WARN] [net.minecraft.network.syncher.SynchedEntityData/]: defineId called for: class forge.net.mca.entity.ZombieVillagerEntityMCA from class forge.net.mca.util.network.datasync.CDataParameter
[28Jan2026 00:05:51.807] [Server thread/WARN] [net.minecraft.network.syncher.SynchedEntityData/]: defineId called for: class forge.net.mca.entity.ZombieVillagerEntityMCA from class forge.net.mca.util.network.datasync.CDataParameter
[28Jan2026 00:05:51.807] [Server thread/WARN] [net.minecraft.network.syncher.SynchedEntityData/]: defineId called for: class forge.net.mca.entity.ZombieVillagerEntityMCA from class forge.net.mca.util.network.datasync.CDataParameter
[28Jan2026 00:05:54.328] [Server thread/INFO] [net.minecraft.server.MinecraftServer/]: Preparing start region for dimension minecraft:overworld
[28Jan2026 00:05:56.010] [Worker-Main-3/INFO] [net.minecraft.server.level.progress.LoggerChunkProgressListener/]: Preparing spawn area: 0%
[28Jan2026 00:05:56.039] [Worker-Main-2/INFO] [net.minecraft.server.level.progress.LoggerChunkProgressListener/]: Preparing spawn area: 0%
[28Jan2026 00:05:56.056] [Worker-Main-3/INFO] [net.minecraft.server.level.progress.LoggerChunkProgressListener/]: Preparing spawn area: 0%
[28Jan2026 00:05:56.097] [Worker-Main-4/INFO] [net.minecraft.server.level.progress.LoggerChunkProgressListener/]: Preparing spawn area: 0%
[28Jan2026 00:05:56.337] [Worker-Main-4/INFO] [net.minecraft.server.level.progress.LoggerChunkProgressListener/]: Preparing spawn area: 0%
[28Jan2026 00:05:56.833] [Worker-Main-4/INFO] [net.minecraft.server.level.progress.LoggerChunkProgressListener/]: Preparing spawn area: 0%
[28Jan2026 00:05:57.331] [Worker-Main-3/INFO] [net.minecraft.server.level.progress.LoggerChunkProgressListener/]: Preparing spawn area: 0%
[28Jan2026 00:05:57.911] [Worker-Main-3/INFO] [net.minecraft.server.level.progress.LoggerChunkProgressListener/]: Preparing spawn area: 0%
[28Jan2026 00:05:58.429] [Worker-Main-2/INFO] [net.minecraft.server.level.progress.LoggerChunkProgressListener/]: Preparing spawn area: 0%
[28Jan2026 00:05:59.062] [Worker-Main-4/INFO] [net.minecraft.server.level.progress.LoggerChunkProgressListener/]: Preparing spawn area: 0%
[28Jan2026 00:05:59.377] [Worker-Main-4/INFO] [net.minecraft.server.level.progress.LoggerChunkProgressListener/]: Preparing spawn area: 4%
[28Jan2026 00:06:01.585] [Worker-Main-2/INFO] [net.minecraft.server.level.progress.LoggerChunkProgressListener/]: Preparing spawn area: 10%
[28Jan2026 00:06:01.586] [Worker-Main-4/INFO] [net.minecraft.server.level.progress.LoggerChunkProgressListener/]: Preparing spawn area: 10%
[28Jan2026 00:06:01.586] [Worker-Main-4/INFO] [net.minecraft.server.level.progress.LoggerChunkProgressListener/]: Preparing spawn area: 10%
[28Jan2026 00:06:01.587] [Worker-Main-4/INFO] [net.minecraft.server.level.progress.LoggerChunkProgressListener/]: Preparing spawn area: 10%
[28Jan2026 00:06:01.830] [Worker-Main-2/INFO] [net.minecraft.server.level.progress.LoggerChunkProgressListener/]: Preparing spawn area: 30%
[28Jan2026 00:06:02.465] [Worker-Main-2/INFO] [net.minecraft.server.level.progress.LoggerChunkProgressListener/]: Preparing spawn area: 49%
[28Jan2026 00:06:02.831] [Worker-Main-3/INFO] [net.minecraft.server.level.progress.LoggerChunkProgressListener/]: Preparing spawn area: 52%
[28Jan2026 00:06:03.331] [Worker-Main-4/INFO] [net.minecraft.server.level.progress.LoggerChunkProgressListener/]: Preparing spawn area: 58%
[28Jan2026 00:06:03.864] [Worker-Main-4/INFO] [net.minecraft.server.level.progress.LoggerChunkProgressListener/]: Preparing spawn area: 61%
[28Jan2026 00:06:04.380] [Worker-Main-2/INFO] [net.minecraft.server.level.progress.LoggerChunkProgressListener/]: Preparing spawn area: 62%
[28Jan2026 00:06:04.853] [Worker-Main-4/INFO] [net.minecraft.server.level.progress.LoggerChunkProgressListener/]: Preparing spawn area: 71%
[28Jan2026 00:06:05.335] [Worker-Main-2/INFO] [net.minecraft.server.level.progress.LoggerChunkProgressListener/]: Preparing spawn area: 71%
[28Jan2026 00:06:05.833] [Worker-Main-2/INFO] [net.minecraft.server.level.progress.LoggerChunkProgressListener/]: Preparing spawn area: 73%
[28Jan2026 00:06:06.364] [Worker-Main-2/INFO] [net.minecraft.server.level.progress.LoggerChunkProgressListener/]: Preparing spawn area: 85%
[28Jan2026 00:06:06.836] [Worker-Main-2/INFO] [net.minecraft.server.level.progress.LoggerChunkProgressListener/]: Preparing spawn area: 86%
[28Jan2026 00:06:07.356] [Worker-Main-3/INFO] [net.minecraft.server.level.progress.LoggerChunkProgressListener/]: Preparing spawn area: 88%
[28Jan2026 00:06:07.851] [Worker-Main-4/INFO] [net.minecraft.server.level.progress.LoggerChunkProgressListener/]: Preparing spawn area: 99%
[28Jan2026 00:06:08.000] [Server thread/INFO] [net.minecraft.server.level.progress.LoggerChunkProgressListener/]: Time elapsed: 13671 ms
[28Jan2026 00:06:08.000] [Server thread/INFO] [net.minecraft.server.dedicated.DedicatedServer/]: Done (17.183s)! For help, type "help"
[28Jan2026 00:06:08.057] [Server thread/INFO] [net.minecraftforge.server.permission.PermissionAPI/]: Successfully initialized permission handler forge:default_handler
[28Jan2026 00:12:15.319] [Server thread/WARN] [net.minecraft.network.syncher.SynchedEntityData/]: defineId called for: class net.minecraft.world.entity.player.Player from class tschipp.carryon.common.carry.CarryOnDataManager
[28Jan2026 00:12:15.529] [Server thread/INFO] [net.minecraft.server.players.PlayerList/]: Kotei_Ishi[/100.118.23.11:60021] logged in with entity id 504 at (-1962.9599022168932, 65.0, 1064.300000011921)
[28Jan2026 00:12:15.591] [Server thread/INFO] [net.minecraft.server.MinecraftServer/]: Kotei_Ishi joined the game
[28Jan2026 00:12:23.716] [Server thread/WARN] [net.minecraft.server.MinecraftServer/]: Can't keep up! Is the server overloaded? Running 8300ms or 166 ticks behind
[28Jan2026 00:12:24.380] [Worker-Main-16/WARN] [net.minecraft.world.level.levelgen.structure.pools.JigsawPlacement/]: Empty or non-existent pool: minecraft:
[28Jan2026 00:12:24.380] [Worker-Main-16/WARN] [net.minecraft.world.level.levelgen.structure.pools.JigsawPlacement/]: Empty or non-existent pool: minecraft:
[28Jan2026 00:12:27.761] [Server thread/WARN] [net.minecraft.world.level.chunk.LevelChunk/]: Tried to load a block entity for block Block{minecraft:smithing_table} but failed at location BlockPos{x=-1998, y=69, z=1100}
[28Jan2026 00:12:37.151] [Server thread/WARN] [net.minecraft.world.level.entity.PersistentEntitySectionManager/]: UUID of added entity already exists: Sheep['Sheep'/785, l='ServerLevel[world]', x=-1939.06, y=108.00, z=1168.16]
[28Jan2026 00:12:40.355] [Server thread/WARN] [net.minecraft.world.level.entity.PersistentEntitySectionManager/]: UUID of added entity already exists: DragonflyEntity['Dragonfly'/828, l='ServerLevel[world]', x=-1943.90, y=106.66, z=1199.55]
[28Jan2026 00:12:44.451] [Server thread/WARN] [net.minecraft.world.level.entity.PersistentEntitySectionManager/]: UUID of added entity already exists: DragonflyEntity['Dragonfly'/884, l='ServerLevel[world]', x=-1887.13, y=103.02, z=1201.51]
[28Jan2026 00:12:44.906] [Server thread/INFO] [forge.net.mca.MCA/]: literal{David}[style={}] has been infected
[28Jan2026 00:13:19.061] [Server thread/WARN] [net.minecraft.world.level.entity.PersistentEntitySectionManager/]: UUID of added entity already exists: DragonflyEntity['Dragonfly'/1179, l='ServerLevel[world]', x=-2176.12, y=71.07, z=1207.12]
[28Jan2026 00:13:19.064] [Server thread/WARN] [net.minecraft.world.level.entity.PersistentEntitySectionManager/]: UUID of added entity already exists: Parrot['Parrot'/1180, l='ServerLevel[world]', x=-2176.02, y=67.96, z=1206.11]
[28Jan2026 00:14:20.917] [Worker-Main-15/WARN] [net.minecraft.world.level.levelgen.structure.pools.JigsawPlacement/]: Empty or non-existent pool: minecraft:
[28Jan2026 00:14:20.929] [Worker-Main-15/WARN] [net.minecraft.world.level.levelgen.structure.pools.JigsawPlacement/]: Empty or non-existent pool: minecraft:
[28Jan2026 00:14:20.930] [Worker-Main-15/WARN] [net.minecraft.world.level.levelgen.structure.pools.JigsawPlacement/]: Empty or non-existent pool: minecraft:
[28Jan2026 00:14:20.930] [Worker-Main-15/WARN] [net.minecraft.world.level.levelgen.structure.pools.JigsawPlacement/]: Empty or non-existent pool: minecraft:
[28Jan2026 00:14:47.038] [Server thread/INFO] [net.minecraft.server.MinecraftServer/]: Set Kotei_Ishi's game mode to Creative Mode
[28Jan2026 00:16:22.419] [Worker-Main-14/ERROR] [net.minecraft.world.entity.decoration.HangingEntity/]: Hanging entity at invalid position: BlockPos{x=-320, y=-45, z=-203}
[28Jan2026 00:16:23.057] [Worker-Main-16/ERROR] [net.minecraft.world.entity.decoration.HangingEntity/]: Hanging entity at invalid position: BlockPos{x=-286, y=-57, z=-393}
[28Jan2026 00:16:25.346] [Worker-Main-14/ERROR] [net.minecraft.world.entity.decoration.HangingEntity/]: Hanging entity at invalid position: BlockPos{x=-318, y=-45, z=-204}
[28Jan2026 00:16:25.346] [Worker-Main-14/ERROR] [net.minecraft.world.entity.decoration.HangingEntity/]: Hanging entity at invalid position: BlockPos{x=-318, y=-45, z=-202}
[28Jan2026 00:16:25.476] [Worker-Main-15/ERROR] [net.minecraft.world.entity.decoration.HangingEntity/]: Hanging entity at invalid position: BlockPos{x=-284, y=-57, z=-394}
[28Jan2026 00:16:32.439] [Worker-Main-14/WARN] [net.minecraft.world.level.levelgen.structure.pools.JigsawPlacement/]: Empty or non-existent pool: minecraft:
[28Jan2026 00:18:21.183] [Server thread/INFO] [net.minecraft.server.MinecraftServer/]: Set Kotei_Ishi's game mode to Survival Mode
[28Jan2026 00:22:27.488] [Server thread/INFO] [net.minecraft.server.MinecraftServer/]: Incorrect argument for command
[28Jan2026 00:22:27.489] [Server thread/INFO] [net.minecraft.server.MinecraftServer/]: ...6 87 2263 Kotei_Ishi<--[HERE]
[28Jan2026 00:23:38.377] [Server thread/INFO] [net.minecraft.server.MinecraftServer/]: Teleported Kotei_Ishi to 1186.500000, 87.000000, 2263.500000
[28Jan2026 00:23:38.378] [Server thread/WARN] [net.minecraft.server.MinecraftServer/]: Can't keep up! Is the server overloaded? Running 2412ms or 48 ticks behind
[28Jan2026 00:24:02.462] [Server thread/INFO] [net.minecraft.server.MinecraftServer/]: [Not Secure] <Kotei_Ishi> asdas
[28Jan2026 00:30:01.031] [Server thread/INFO] [net.minecraft.server.MinecraftServer/]: Stopping the server
[28Jan2026 00:30:01.070] [Server thread/INFO] [net.minecraft.server.MinecraftServer/]: Stopping server
[28Jan2026 00:30:01.071] [Server thread/INFO] [net.minecraft.server.MinecraftServer/]: Saving players
[28Jan2026 00:30:01.081] [Server thread/INFO] [net.minecraft.server.MinecraftServer/]: Saving worlds
[28Jan2026 00:30:01.936] [Server thread/INFO] [net.minecraft.server.MinecraftServer/]: Saving chunks for level 'ServerLevel[world]'/minecraft:overworld
[28Jan2026 00:30:05.048] [Server thread/INFO] [net.minecraft.server.MinecraftServer/]: Saving chunks for level 'ServerLevel[world]'/twilightforest:twilight_forest
[28Jan2026 00:30:05.049] [Server thread/INFO] [net.minecraft.server.MinecraftServer/]: Saving chunks for level 'ServerLevel[world]'/minecraft:the_nether
[28Jan2026 00:30:05.050] [Server thread/INFO] [net.minecraft.server.MinecraftServer/]: Saving chunks for level 'ServerLevel[world]'/minecraft:the_end
[28Jan2026 00:30:05.077] [Server thread/INFO] [net.minecraft.server.MinecraftServer/]: ThreadedAnvilChunkStorage (world): All chunks are saved
[28Jan2026 00:30:05.077] [Server thread/INFO] [net.minecraft.server.MinecraftServer/]: ThreadedAnvilChunkStorage (twilight_forest): All chunks are saved
[28Jan2026 00:30:05.077] [Server thread/INFO] [net.minecraft.server.MinecraftServer/]: ThreadedAnvilChunkStorage (DIM-1): All chunks are saved
[28Jan2026 00:30:05.077] [Server thread/INFO] [net.minecraft.server.MinecraftServer/]: ThreadedAnvilChunkStorage (DIM1): All chunks are saved
[28Jan2026 00:30:05.077] [Server thread/INFO] [net.minecraft.server.MinecraftServer/]: ThreadedAnvilChunkStorage: All dimensions are saved
